1530139329.png,234,354,157,317,Robot
1530139330.png,231,351,160,320,Robot
1530139331.png,227,347,165,325,Robot
1530139332.png,226,346,171,331,Robot
1530139333.png,233,353,170,330,Robot
1530139334.png,247,367,168,328,Robot
1530139335.png,256,376,154,314,Robot
1530139336.png,244,364,156,316,Robot
1530139337.png,241,361,162,322,Robot
1530139338.png,243,363,152,312,Robot
1530139339.png,256,376,171,331,Robot
1530139340.png,256,376,172,332,Robot
1530139341.png,253,373,169,329,Robot
1530139342.png,257,377,162,322,Robot
1530139343.png,257,377,161,321,Robot
1530139344.png,248,368,166,326,Robot
1530139345.png,240,360,165,325,Robot
1530139346.png,251,371,177,337,Robot
1530139347.png,230,350,150,310,Robot
1530139348.png,233,353,143,303,Robot
1530139349.png,233,353,139,299,Robot
1530139350.png,212,332,156,316,Robot
1530139351.png,176,296,162,322,Robot
1530139377.png,227,347,179,307,Robot
1530139378.png,225,345,181,309,Robot
1530139379.png,225,345,191,319,Robot
1530139380.png,221,341,184,312,Robot
1530139381.png,220,340,162,290,Robot
1530139382.png,214,334,171,299,Robot
1530139383.png,232,352,167,295,Robot
1530139384.png,277,397,174,302,Robot
1530139385.png,290,410,173,301,Robot
1530139386.png,243,363,175,303,Robot
1530139387.png,311,431,176,304,Robot
1530139388.png,322,442,174,302,Robot
1530139389.png,308,428,170,298,Robot
1530139390.png,295,415,164,292,Robot
1530139391.png,319,439,169,297,Robot
1530139392.png,292,412,164,292,Robot
1530139393.png,279,399,156,284,Robot
1530139394.png,268,388,167,295,Robot
1530139395.png,224,344,168,296,Robot
1530139396.png,237,357,182,310,Robot
1530139397.png,222,342,159,287,Robot
1530139416.png,181,397,75,299,Robot
1530139417.png,172,388,84,308,Robot
1530139418.png,148,364,94,318,Robot
1530139419.png,192,408,103,327,Robot
1530139420.png,183,399,102,326,Robot
1530139421.png,193,409,85,309,Robot
1530139422.png,182,398,94,318,Robot
1530139423.png,162,378,122,346,Robot
1530139424.png,182,398,72,296,Robot
1530139425.png,147,363,67,291,Robot
1530139450.png,231,411,67,307,Robot
1530139451.png,236,416,76,316,Robot
1530139452.png,238,418,74,314,Robot
1530139453.png,246,426,75,315,Robot
1530139454.png,228,408,78,318,Robot
1530139455.png,223,403,80,320,Robot
1530139456.png,233,413,80,320,Robot
1530139457.png,238,418,77,317,Robot
1530139458.png,234,414,82,322,Robot
1530139459.png,241,421,76,316,Robot
1530139460.png,248,428,79,319,Robot
1530139461.png,247,427,74,314,Robot
1530139462.png,274,454,80,320,Robot
1530139463.png,276,456,74,314,Robot
1530139464.png,285,465,73,313,Robot
1530139465.png,296,476,79,319,Robot
1530139466.png,297,477,73,313,Robot
1530139467.png,317,497,72,312,Robot
1530139468.png,295,475,76,316,Robot
1530139469.png,288,468,84,324,Robot
1530139470.png,308,488,88,328,Robot
1530139471.png,316,496,94,334,Robot
1530139472.png,362,542,91,331,Robot
1530139473.png,388,568,95,335,Robot
1530139490.png,253,433,94,274,Robot
1530139491.png,250,430,93,273,Robot
1530139492.png,266,446,99,279,Robot
1530139493.png,270,450,111,291,Robot
1530139494.png,275,455,110,290,Robot
1530139495.png,294,474,105,285,Robot
1530139496.png,297,477,104,284,Robot
1530139497.png,314,494,111,291,Robot
1530139498.png,322,502,114,294,Robot
1530139499.png,322,502,121,301,Robot
1530139500.png,339,519,121,301,Robot
1530139501.png,329,509,117,297,Robot
1530139502.png,351,531,114,294,Robot
1530139503.png,354,534,121,301,Robot
1530139504.png,403,583,128,308,Robot
1530139505.png,407,587,120,300,Robot
1530139517.png,264,424,82,262,Robot
1530139518.png,270,430,81,261,Robot
1530139519.png,261,421,83,263,Robot
1530139520.png,219,379,80,260,Robot
1530139521.png,173,333,85,265,Robot
1530139522.png,196,356,80,260,Robot
1530139523.png,132,292,73,253,Robot
1530139524.png,151,311,88,268,Robot
1530139525.png,147,307,84,264,Robot
1530139526.png,96,256,89,269,Robot
1530139544.png,184,364,65,335,Robot
1530139545.png,183,363,59,329,Robot
1530139546.png,183,363,64,334,Robot
1530139547.png,185,365,62,332,Robot
1530139548.png,192,372,58,328,Robot
1530139549.png,251,431,94,364,Robot
1530139550.png,240,420,71,341,Robot
1530139551.png,243,423,67,337,Robot
1530139552.png,268,448,65,335,Robot
1530139553.png,253,433,40,310,Robot
1530139554.png,243,423,45,315,Robot
1530139555.png,246,426,68,338,Robot
1530139556.png,268,448,56,326,Robot
1530139557.png,263,443,53,323,Robot
1530139558.png,247,427,22,292,Robot
1530139559.png,255,435,23,293,Robot
1530139560.png,238,418,4,274,Robot
1530139561.png,281,461,39,309,Robot
1530139562.png,270,450,27,297,Robot
1530139563.png,253,433,32,302,Robot
1530139564.png,246,426,38,308,Robot
1530139565.png,251,431,44,314,Robot
1530139566.png,262,442,44,314,Robot
1530139567.png,277,457,32,302,Robot
1530139568.png,294,474,36,306,Robot
1530139569.png,258,438,39,309,Robot
1530139570.png,272,452,32,302,Robot
1530139595.png,256,390,11,281,Robot
1530139596.png,259,393,10,280,Robot
1530139597.png,256,390,22,292,Robot
1530139598.png,275,409,15,285,Robot
1530139599.png,285,419,16,286,Robot
1530139600.png,285,419,14,284,Robot
1530139601.png,290,424,14,284,Robot
1530139602.png,276,410,43,313,Robot
1530139603.png,268,402,19,289,Robot
1530139604.png,263,397,40,310,Robot
1530139605.png,228,362,37,307,Robot
1530139668.png,246,426,106,306,Robot
1530139669.png,243,423,117,317,Robot
1530139670.png,247,427,111,311,Robot
1530139671.png,247,427,115,315,Robot
1530139672.png,252,432,114,314,Robot
1530139673.png,255,435,121,321,Robot
1530139674.png,262,442,122,322,Robot
1530139675.png,266,446,124,324,Robot
1530139676.png,273,453,132,332,Robot
1530139677.png,306,486,133,333,Robot
1530139678.png,311,491,149,349,Robot
1530139679.png,301,481,137,337,Robot
1530139680.png,296,476,129,329,Robot
1530139681.png,322,502,127,327,Robot
1530139682.png,321,501,133,333,Robot
1530139705.png,217,409,35,323,Robot
1530139706.png,219,411,36,324,Robot
1530139707.png,206,398,37,325,Robot
1530139708.png,192,384,36,324,Robot
1530139709.png,187,379,29,317,Robot
1530139710.png,196,388,37,325,Robot
1530139711.png,233,425,19,307,Robot
1530139712.png,263,455,25,313,Robot
1530139713.png,295,487,13,301,Robot
1530139714.png,303,495,24,312,Robot
1530139729.png,204,384,93,309,Robot
1530139730.png,199,379,100,316,Robot
1530139731.png,218,398,100,316,Robot
1530139732.png,240,420,101,317,Robot
1530139733.png,216,396,97,313,Robot
1530139734.png,242,422,122,338,Robot
1530139735.png,249,429,36,252,Robot
1530139736.png,252,432,69,285,Robot
1530139737.png,243,423,87,303,Robot
1530139738.png,264,444,82,298,Robot
1530139799.png,248,372,95,287,Robot
1530139800.png,233,357,113,305,Robot
1530139801.png,275,399,106,298,Robot
1530139802.png,253,377,107,299,Robot
1530139803.png,264,388,99,291,Robot
1530139804.png,271,395,120,312,Robot
1530139805.png,299,423,118,310,Robot
1530139813.png,256,384,102,294,Robot
1530139814.png,260,388,101,293,Robot
1530139815.png,259,387,111,303,Robot
1530139816.png,254,382,110,302,Robot
1530139817.png,262,390,107,299,Robot
1530139818.png,266,394,104,296,Robot
