1530143358.png,268,508,101,301,UAV
1530143359.png,254,494,110,310,UAV
1530143360.png,256,496,107,307,UAV
1530143361.png,293,533,59,259,UAV
1530143362.png,316,556,125,325,UAV
1530143363.png,339,579,99,299,UAV
1530143364.png,331,571,79,279,UAV
1530143365.png,336,576,118,318,UAV
1530143366.png,346,586,89,289,UAV
1530143367.png,358,598,108,308,UAV
1530143368.png,357,597,86,286,UAV
1530143369.png,370,610,54,254,UAV
1530143383.png,338,562,110,290,UAV
1530143384.png,340,564,102,282,UAV
1530143385.png,349,573,94,274,UAV
1530143386.png,352,576,92,272,UAV
1530143387.png,349,573,77,257,UAV
1530143388.png,333,557,87,267,UAV
1530143389.png,354,578,70,250,UAV
1530143390.png,330,554,71,251,UAV
1530143391.png,327,551,82,262,UAV
1530143392.png,339,563,62,242,UAV
1530143393.png,313,537,102,282,UAV
1530143394.png,295,519,110,290,UAV
1530143395.png,286,510,112,292,UAV
1530143396.png,303,527,99,279,UAV
1530143404.png,290,530,79,295,UAV
1530143405.png,290,530,74,290,UAV
1530143406.png,301,541,71,287,UAV
1530143407.png,299,539,90,306,UAV
1530143408.png,308,548,58,274,UAV
1530143409.png,338,578,92,308,UAV
1530143410.png,340,580,85,301,UAV
1530143416.png,302,502,78,270,UAV
1530143417.png,304,504,74,266,UAV
1530143418.png,318,518,34,226,UAV
1530143419.png,304,504,80,272,UAV
1530143420.png,330,530,71,263,UAV
1530143421.png,323,523,71,263,UAV
1530143422.png,331,531,111,303,UAV
1530143423.png,378,578,110,302,UAV
1530143424.png,354,554,95,287,UAV
1530143425.png,348,548,79,271,UAV
1530143426.png,331,531,82,274,UAV
1530143427.png,353,553,71,263,UAV
1530143428.png,337,537,63,255,UAV
1530143429.png,361,561,31,223,UAV
1530143439.png,358,502,110,234,UAV
1530143440.png,357,501,112,236,UAV
1530143441.png,367,511,114,238,UAV
1530143442.png,380,524,100,224,UAV
1530143443.png,393,537,117,241,UAV
1530143444.png,344,488,100,224,UAV
1530143445.png,368,512,112,236,UAV
1530143446.png,348,492,90,214,UAV
1530143447.png,328,472,81,205,UAV
1530143448.png,352,496,90,214,UAV
1530143449.png,351,495,83,207,UAV
1530143499.png,270,462,199,323,UAV
1530143500.png,264,456,198,322,UAV
1530143501.png,259,451,179,303,UAV
1530143502.png,247,439,207,331,UAV
1530143503.png,218,410,196,320,UAV
1530143504.png,161,353,198,322,UAV
1530143505.png,190,382,192,316,UAV
1530143506.png,179,371,201,325,UAV
1530143507.png,180,372,217,341,UAV
1530143508.png,210,402,155,279,UAV
1530143509.png,198,390,118,242,UAV
1530143510.png,195,387,118,242,UAV
1530143524.png,193,435,95,287,UAV
1530143525.png,210,452,78,270,UAV
1530143526.png,210,452,78,270,UAV
1530143527.png,224,466,79,271,UAV
1530143528.png,243,485,102,294,UAV
1530143529.png,245,487,86,278,UAV
1530143530.png,256,498,112,304,UAV
1530143531.png,259,501,102,294,UAV
1530143532.png,281,523,81,273,UAV
1530143533.png,271,513,90,282,UAV
1530143534.png,266,508,51,243,UAV
1530143535.png,262,504,86,278,UAV
1530143536.png,289,531,97,289,UAV
1530143537.png,274,516,106,298,UAV
