filename,width,height,class,xmin,ymin,xmax,ymax
1530137682.png,640,360,soccer ball,289,186,379,282
1522981626.png,640,360,tissue box,259,269,403,359
1530137410.png,640,360,soccer ball,249,120,357,240
1522982295.png,640,360,potted plant,292,220,412,351
1530142055.png,640,360,uav,270,109,430,349
1530137577.png,640,360,soccer ball,260,103,380,211
1530137428.png,640,360,soccer ball,356,154,464,274
1530139546.png,640,360,robot,183,64,363,334
1522979165.png,640,360,coffee machine,261,132,341,240
1532746017.png,640,360,fire alarm,166,145,280,225
1522977395.png,640,360,coffee machine,266,196,346,292
1522979592.png,640,360,coffee machine,216,80,350,272
1522982706.png,640,360,potted plant,186,1,393,180
1522982357.png,640,360,potted plant,280,17,588,357
1522977764.png,640,360,coffee machine,192,118,336,278
1522982223.png,640,360,potted plant,198,205,288,314
1530143721.png,640,360,uav,177,68,417,212
1530143945.png,640,360,uav,172,78,492,258
1522977704.png,640,360,coffee machine,233,108,377,268
1522979172.png,640,360,coffee machine,285,147,365,255
1522975132.png,640,360,Christmas toy,194,140,290,274
1522982675.png,641,361,potted plant,1,247,100,359
1530139067.png,640,360,robot,301,120,391,264
1522979197.png,640,360,coffee machine,294,189,374,297
1532745572.png,640,360,fire alarm,314,110,454,192
1522979478.png,640,360,coffee machine,249,87,357,207
1522977640.png,640,360,coffee machine,255,90,399,250
1530138310.png,640,360,soccer ball,387,166,441,214
1530138169.png,640,360,soccer ball,269,193,365,289
1530145051.png,640,360,turtle bot,233,98,393,298
1530137757.png,640,360,soccer ball,269,68,349,148
1530138984.png,640,360,robot,260,185,350,319
1532748591.png,640,360,fire alarm,339,163,369,217
1530142371.png,640,360,uav,170,114,386,330
1532748113.png,640,360,fire alarm,192,135,266,199
1532746754.png,640,360,fire alarm,383,129,563,249
1522981509.png,640,360,tissue box,242,162,422,286
1532748083.png,640,360,fire alarm,303,108,427,182
1532920490.png,640,360,tennis racket,463,163,583,243
1522982179.png,640,360,potted plant,413,172,557,306
1530137296.png,640,360,soccer ball,366,174,516,294
1532750137.png,640,360,fire alarm,313,181,383,225
1530144512.png,640,360,turtle bot,422,108,512,270
1522982412.png,640,360,potted plant,185,174,325,318
1532746734.png,640,360,fire alarm,374,136,554,256
1532920127.png,640,360,tennis racket,87,189,167,297
1522979610.png,640,360,coffee machine,150,84,284,276
1530137431.png,640,360,soccer ball,342,154,450,274
1530144525.png,640,360,turtle bot,355,60,445,240
1522981042.png,640,360,tissue box,246,149,336,257
1530142573.png,640,360,uav,235,151,505,311
1522982408.png,640,360,potted plant,183,135,293,269
1530141995.png,640,360,uav,186,95,474,311
1532920174.png,640,360,tennis racket,252,255,406,295
1530137835.png,640,360,soccer ball,300,133,360,193
1522977647.png,640,360,coffee machine,242,89,386,249
1530140153.png,640,360,robot,285,76,409,268
1532745464.png,640,360,fire alarm,198,112,376,236
1522974788.png,640,360,Christmas toy,202,158,322,286
1522982811.png,640,360,potted plant,281,113,425,305
1530137288.png,640,360,soccer ball,276,136,426,256
1530138853.png,640,360,robot,234,115,334,295
1522982781.png,640,360,potted plant,220,124,345,270
1530144541.png,640,360,turtle bot,389,78,479,258
1522974783.png,640,360,Christmas toy,350,167,470,295
1532919496.png,640,360,tennis racket,96,140,166,290
1530142137.png,640,360,uav,174,35,398,259
1532919518.png,640,360,tennis racket,334,105,414,245
1530144401.png,640,360,turtle bot,290,75,434,325
1530138384.png,640,360,soccer ball,390,188,498,308
1522977703.png,640,360,coffee machine,178,102,322,262
1530144990.png,640,360,turtle bot,172,20,396,320
1522975024.png,640,360,Christmas toy,235,208,369,352
1530137311.png,640,360,soccer ball,222,144,402,304
1522979176.png,640,360,coffee machine,272,126,352,234
1530144899.png,640,360,turtle bot,251,67,351,283
1522975195.png,640,360,Christmas toy,252,142,386,262
1530143529.png,640,360,uav,245,86,487,278
1530140315.png,640,360,robot,199,100,399,324
1530144513.png,640,360,turtle bot,439,107,529,269
1530142167.png,640,360,uav,377,109,593,309
1530143740.png,640,360,uav,197,138,453,318
1530143506.png,640,360,uav,179,201,371,325
1522981515.png,640,360,tissue box,242,128,422,252
1532919747.png,640,360,tennis racket,388,154,522,228
1522974876.png,640,360,Christmas toy,303,132,363,222
1530138857.png,640,360,robot,182,136,282,316
1530140226.png,640,360,robot,277,108,437,270
1530138863.png,640,360,robot,197,107,297,287
1530138851.png,640,360,robot,230,88,330,268
1532746761.png,640,360,fire alarm,267,107,441,227
1530142566.png,640,360,uav,173,122,443,282
1522981027.png,640,360,tissue box,296,154,386,262
1532920178.png,640,360,tennis racket,55,150,189,200
1530137499.png,640,360,soccer ball,322,143,456,287
1522975173.png,640,360,Christmas toy,256,151,390,271
1532920168.png,640,360,tennis racket,147,66,291,116
1522981474.png,640,360,tissue box,217,164,325,298
1522977733.png,640,360,coffee machine,259,110,403,270
1522979505.png,640,360,coffee machine,237,123,345,243
1530139567.png,640,360,robot,277,32,457,302
1532920148.png,640,360,tennis racket,363,180,463,288
1522981520.png,640,360,tissue box,242,172,422,296
1522981901.png,640,360,potted plant,231,209,345,299
1530137633.png,640,360,soccer ball,387,172,515,292
1532748628.png,640,360,fire alarm,415,124,489,198
1522982637.png,640,360,potted plant,264,205,398,339
1530144505.png,640,360,turtle bot,410,109,500,271
1530138260.png,640,360,soccer ball,361,165,405,201
1530140288.png,640,360,robot,266,165,366,299
1530140264.png,640,360,robot,236,132,308,228
1530143913.png,640,360,uav,164,81,452,273
1522977770.png,640,360,coffee machine,231,143,375,303
1522979661.png,640,360,coffee machine,174,100,308,292
1522974995.png,640,360,Christmas toy,213,195,357,345
1522981304.png,640,360,tissue box,250,205,358,301
1532746694.png,640,360,fire alarm,128,101,308,231
1532750169.png,640,360,fire alarm,265,175,305,209
1522981881.png,640,360,potted plant,220,188,302,255
1530139021.png,640,360,robot,289,161,409,341
1522975040.png,640,360,Christmas toy,241,167,375,311
1532750008.png,640,360,fire alarm,246,271,316,331
1522975083.png,640,360,Christmas toy,199,189,307,349
1522981565.png,640,360,tissue box,243,163,351,283
1532746715.png,640,360,fire alarm,331,124,511,244
1530142115.png,640,360,uav,180,71,436,195
1530144587.png,640,360,turtle bot,299,71,419,251
1530144424.png,640,360,turtle bot,136,39,316,289
1530142369.png,640,360,uav,158,59,374,275
1522975121.png,640,360,Christmas toy,273,163,369,297
1530138336.png,640,360,soccer ball,372,219,426,267
1530144405.png,640,360,turtle bot,225,75,369,325
1530139671.png,640,360,robot,247,115,427,315
1530137880.png,640,360,soccer ball,238,164,318,236
1530137829.png,640,360,soccer ball,213,232,273,292
1530144322.png,640,360,turtle bot,302,61,422,277
1522981021.png,640,360,tissue box,260,155,350,263
1522977689.png,640,360,coffee machine,200,108,344,268
1522981646.png,640,360,tissue box,194,226,338,326
1530144961.png,640,360,turtle bot,244,84,444,324
1522982622.png,640,360,potted plant,235,223,369,357
1522981533.png,640,360,tissue box,243,189,423,313
1530137924.png,640,360,soccer ball,258,198,318,252
1522981326.png,640,360,tissue box,273,211,381,307
1530138263.png,640,360,soccer ball,331,176,375,212
1532748478.png,640,360,fire alarm,262,66,502,210
1522981591.png,640,360,tissue box,183,194,317,322
1530144460.png,640,360,turtle bot,290,66,434,266
1522982895.png,640,360,potted plant,168,147,288,271
1530144879.png,640,360,turtle bot,336,118,456,278
1522977695.png,640,360,coffee machine,333,84,477,244
1530138944.png,640,360,robot,225,145,345,325
1532919513.png,640,360,tennis racket,355,127,435,287
1522982671.png,640,360,potted plant,317,226,437,334
1530137580.png,640,360,soccer ball,284,115,404,223
1530142024.png,640,360,uav,167,84,467,264
1530137297.png,640,360,soccer ball,364,200,514,320
1530143389.png,640,360,uav,354,70,578,250
1532748474.png,640,360,fire alarm,292,53,532,207
1530144473.png,640,360,turtle bot,348,47,492,247
1530137959.png,640,360,soccer ball,334,207,406,281
1522975266.png,640,360,Christmas toy,257,125,365,245
1522977342.png,640,360,coffee machine,404,134,476,234
1522973784.png,640,360,Christmas toy,368,135,440,207
1522960498.png,640,360,Christmas toy,253,139,353,283
1530139057.png,640,360,robot,236,111,326,255
1530142278.png,640,360,uav,234,130,450,310
1532919694.png,640,360,tennis racket,405,112,459,266
1532748582.png,640,360,fire alarm,272,203,308,239
1532746076.png,640,360,fire alarm,277,173,440,273
1530143869.png,640,360,uav,208,83,388,217
1522982842.png,640,360,potted plant,228,150,402,337
1530143140.png,640,360,uav,145,166,465,359
1530139397.png,640,360,robot,222,159,342,287
1530140096.png,640,360,robot,189,85,349,301
1532919930.png,640,360,tennis racket,191,136,431,250
1532920186.png,640,360,tennis racket,342,93,466,143
1522981671.png,640,360,tissue box,206,223,350,323
1532749272.png,640,360,fire alarm,309,168,449,264
1530144485.png,640,360,turtle bot,341,57,485,257
1522975002.png,640,360,Christmas toy,174,194,308,338
1530139595.png,640,360,robot,256,11,390,281
1522981594.png,640,360,tissue box,227,209,361,337
1530138256.png,640,360,soccer ball,321,162,365,198
1530138178.png,640,360,soccer ball,344,198,440,294
1522981612.png,640,360,tissue box,239,224,383,324
1530140161.png,640,360,robot,343,89,467,281
1530137373.png,640,360,soccer ball,301,82,501,298
1530143902.png,640,360,uav,83,61,371,253
1522979458.png,640,360,coffee machine,178,120,358,280
1532750020.png,640,360,fire alarm,296,277,396,347
1532920128.png,640,360,tennis racket,135,215,205,313
1522981421.png,640,360,tissue box,240,166,420,310
1530140193.png,640,360,robot,203,78,395,294
1530144398.png,640,360,turtle bot,136,66,280,316
1532919772.png,640,360,tennis racket,312,158,446,222
1522981592.png,640,360,tissue box,87,208,221,336
1522979494.png,640,360,coffee machine,225,121,333,241
1532920122.png,640,360,tennis racket,248,103,348,211
1530137688.png,640,360,soccer ball,350,187,440,283
1522981915.png,640,360,potted plant,231,173,306,238
1522979269.png,640,360,coffee machine,234,120,368,300
1532748454.png,640,360,fire alarm,240,84,470,228
1530138920.png,640,360,robot,239,134,347,278
1530143386.png,640,360,uav,352,92,576,272
1530139456.png,640,360,robot,233,80,413,320
1530138987.png,640,360,robot,253,173,343,307
1522974791.png,640,360,Christmas toy,197,177,317,305
1532919777.png,640,360,tennis racket,382,175,526,269
1530138982.png,640,360,robot,197,183,287,317
1530137961.png,640,360,soccer ball,283,216,355,290
1532748581.png,640,360,fire alarm,292,203,328,239
1522960500.png,640,360,Christmas toy,233,149,333,293
1530139818.png,640,360,robot,266,104,394,296
1522981595.png,640,360,tissue box,206,213,340,341
1522977344.png,640,360,coffee machine,255,149,327,249
1530137595.png,640,360,soccer ball,329,133,449,241
1522980988.png,640,360,tissue box,209,155,299,263
1532745481.png,640,360,fire alarm,286,124,488,248
1522981401.png,640,360,tissue box,210,164,390,298
1532920177.png,640,360,tennis racket,60,194,184,234
1522977751.png,640,360,coffee machine,185,102,329,262
1530145063.png,640,360,turtle bot,282,31,482,319
1522981534.png,640,360,tissue box,246,192,426,316
1530142323.png,640,360,uav,239,141,559,321
1532919514.png,640,360,tennis racket,339,102,409,252
1522977546.png,640,360,coffee machine,237,91,357,291
1530138173.png,640,360,soccer ball,305,193,401,289
1522973739.png,640,360,Christmas toy,274,111,334,183
1522960510.png,640,360,Christmas toy,273,151,373,295
1522979465.png,640,360,coffee machine,131,75,311,235
1532749278.png,640,360,fire alarm,315,179,425,245
1522982304.png,640,360,potted plant,181,239,331,357
1522974760.png,640,360,Christmas toy,215,189,323,323
1532746736.png,640,360,fire alarm,344,59,524,179
1530138942.png,640,360,robot,237,132,357,312
1522981667.png,640,360,tissue box,231,210,375,310
1532920137.png,640,360,tennis racket,439,190,529,298
1522975212.png,640,360,Christmas toy,260,147,394,267
1522982837.png,640,360,potted plant,257,158,421,320
1532920275.png,640,360,tennis racket,222,93,292,273
1522974330.png,640,360,Christmas toy,225,168,369,318
1530142225.png,640,360,uav,201,84,601,276
1532748597.png,640,360,fire alarm,177,122,227,186
1522981493.png,640,360,tissue box,182,182,290,316
1530142609.png,640,360,uav,106,110,480,270
1530140205.png,640,360,robot,277,84,427,264
1522975261.png,640,360,Christmas toy,283,136,391,256
1522982155.png,640,360,potted plant,234,175,332,283
1530144573.png,640,360,turtle bot,228,74,348,254
1532748088.png,640,360,fire alarm,347,120,471,194
1522977413.png,640,360,coffee machine,234,205,314,301
1522974786.png,640,360,Christmas toy,236,170,356,298
1522977571.png,640,360,coffee machine,209,95,329,295
1530138976.png,640,360,robot,266,151,356,285
1522975267.png,640,360,Christmas toy,248,126,356,246
1532746729.png,640,360,fire alarm,391,113,551,233
1522977646.png,640,360,coffee machine,160,97,304,257
1530142028.png,640,360,uav,182,121,482,301
1530145040.png,640,360,turtle bot,252,93,412,293
1522974361.png,640,360,Christmas toy,178,225,322,359
1522981908.png,640,360,potted plant,268,200,348,276
1522979392.png,640,360,coffee machine,197,120,341,280
1522982827.png,640,360,potted plant,196,182,340,341
1530137887.png,640,360,soccer ball,274,161,354,233
1530139496.png,640,360,robot,297,104,477,284
1530140213.png,640,360,robot,331,128,481,308
1522977443.png,640,360,coffee machine,271,197,351,293
1530137560.png,640,360,soccer ball,267,172,395,316
1530142158.png,640,360,uav,261,94,477,294
1532920268.png,640,360,tennis racket,288,46,378,226
1522979603.png,640,360,coffee machine,180,146,314,338
1522979668.png,640,360,coffee machine,264,85,398,277
1522981900.png,640,360,potted plant,219,198,347,303
1530138975.png,640,360,robot,267,158,357,292
1522981479.png,640,360,tissue box,227,181,335,315
1530144952.png,640,360,turtle bot,292,64,492,304
1532920087.png,640,360,tennis racket,149,143,329,193
1532748592.png,640,360,fire alarm,343,159,383,203
1530139523.png,640,360,robot,132,73,292,253
1530141926.png,640,360,uav,135,112,495,292
1530138326.png,640,360,soccer ball,421,209,475,257
1522975108.png,640,360,Christmas toy,188,180,308,324
1530144588.png,640,360,turtle bot,300,81,420,261
1530140265.png,640,360,robot,263,130,335,226
1522979166.png,640,360,coffee machine,272,133,352,241
1530137632.png,640,360,soccer ball,336,183,464,303
1522981052.png,640,360,tissue box,275,132,365,240
1532750168.png,640,360,fire alarm,231,159,281,203
1532748018.png,640,360,fire alarm,204,74,364,194
1530139342.png,640,360,robot,257,162,377,322
1522974902.png,640,360,Christmas toy,253,164,343,254
1522979567.png,640,360,coffee machine,283,102,391,226
1522981323.png,640,360,tissue box,295,174,403,270
1522977669.png,640,360,coffee machine,271,96,415,256
1522977748.png,640,360,coffee machine,223,110,367,270
1530138374.png,640,360,soccer ball,293,172,401,292
1522977419.png,640,360,coffee machine,284,196,364,292
1532749438.png,640,360,fire alarm,298,231,418,325
1530142186.png,640,360,uav,282,99,522,291
1532745462.png,640,360,fire alarm,219,109,381,213
1530144394.png,640,360,turtle bot,230,63,374,313
1522981294.png,640,360,tissue box,202,226,310,322
1530143992.png,640,360,uav,134,69,518,293
1522975228.png,640,360,Christmas toy,207,214,297,342
1530144545.png,640,360,turtle bot,229,95,319,275
1522974977.png,640,360,Christmas toy,311,200,439,334
1522977681.png,640,360,coffee machine,171,91,315,251
1532748622.png,640,360,fire alarm,367,141,421,195
1522982794.png,640,360,potted plant,242,127,386,283
1522977674.png,640,360,coffee machine,227,124,371,284
1532920095.png,640,360,tennis racket,324,103,504,193
1522979282.png,640,360,coffee machine,280,152,404,332
1522977632.png,640,360,coffee machine,264,91,408,251
1532748551.png,640,360,fire alarm,302,122,382,166
1522981663.png,640,360,tissue box,201,222,345,322
1522982859.png,640,360,potted plant,149,151,267,271
1522981620.png,640,360,tissue box,160,232,304,332
1530144569.png,640,360,turtle bot,272,70,392,250
1522975031.png,640,360,Christmas toy,213,153,347,297
1530137836.png,640,360,soccer ball,349,129,409,189
1530142276.png,640,360,uav,222,128,438,308
1530139569.png,640,360,robot,258,39,438,309
1530144503.png,640,360,turtle bot,385,85,475,247
1532749308.png,640,360,fire alarm,420,120,480,166
1522981485.png,640,360,tissue box,228,191,336,325
1530144320.png,640,360,turtle bot,247,39,367,255
1522977585.png,640,360,coffee machine,275,109,403,269
1522982691.png,640,360,potted plant,192,109,388,333
1530140228.png,640,360,robot,286,118,446,280
1522982189.png,640,360,potted plant,198,192,335,316
1522977431.png,640,360,coffee machine,230,259,310,355
1530139458.png,640,360,robot,234,82,414,322
1522979641.png,640,360,coffee machine,223,74,357,266
1530140319.png,640,360,robot,187,87,387,311
1530142570.png,640,360,uav,167,139,437,299
1522973708.png,640,360,Christmas toy,269,87,369,237
1522977637.png,640,360,coffee machine,261,104,405,264
1532748100.png,640,360,fire alarm,172,135,296,229
1522977366.png,640,360,coffee machine,261,196,333,296
1522981525.png,640,360,tissue box,228,159,408,283
1522981627.png,640,360,tissue box,270,223,414,323
1522975177.png,640,360,Christmas toy,192,144,326,264
1522977697.png,640,360,coffee machine,245,112,389,272
1522982207.png,640,360,potted plant,242,219,321,335
1522975197.png,640,360,Christmas toy,179,157,313,277
1522981373.png,640,360,tissue box,266,167,410,287
1530142555.png,640,360,uav,183,105,423,225
1530144470.png,640,360,turtle bot,339,52,483,252
1522977651.png,640,360,coffee machine,244,75,388,235
1530138376.png,640,360,soccer ball,325,179,433,299
1532919700.png,640,360,tennis racket,435,141,489,285
1530142556.png,640,360,uav,170,114,410,234
1522981686.png,640,360,tissue box,164,254,308,354
1532919766.png,640,360,tennis racket,367,215,501,279
1530139565.png,640,360,robot,251,44,431,314
1522982218.png,640,360,potted plant,324,204,414,294
1530144875.png,640,360,turtle bot,240,129,360,289
1530138981.png,640,360,robot,231,177,321,311
1530144851.png,640,360,turtle bot,175,109,295,269
1522979510.png,640,360,coffee machine,221,149,329,269
1530143507.png,640,360,uav,180,217,372,341
1532749292.png,640,360,fire alarm,235,82,325,158
1530139035.png,640,360,robot,205,149,325,329
1532748095.png,640,360,fire alarm,260,132,374,216
1530137376.png,640,360,soccer ball,313,101,513,317
1522975254.png,640,360,Christmas toy,62,144,170,264
1530137663.png,640,360,soccer ball,320,182,410,278
1530139600.png,640,360,robot,285,14,419,284
1532920276.png,640,360,tennis racket,272,118,372,298
1532745534.png,640,360,fire alarm,254,109,416,213
1522981010.png,640,360,tissue box,286,158,376,266
1522981930.png,640,360,potted plant,261,179,352,263
1530138904.png,640,360,robot,199,151,307,295
1530144326.png,640,360,turtle bot,317,78,437,294
1522982784.png,640,360,potted plant,206,116,356,296
1532919683.png,640,360,tennis racket,320,139,384,283
1530143910.png,640,360,uav,195,71,483,263
1522979247.png,640,360,coffee machine,195,132,319,312
1530138897.png,640,360,robot,224,130,332,274
1530138216.png,640,360,soccer ball,375,192,419,228
1522977439.png,640,360,coffee machine,262,194,342,290
1530145021.png,640,360,turtle bot,321,86,481,286
1522975117.png,640,360,Christmas toy,230,182,326,316
1530141929.png,640,360,uav,142,130,502,310
1532919702.png,640,360,tennis racket,376,153,450,327
1522975160.png,640,360,Christmas toy,396,162,486,282
1530143365.png,640,360,uav,336,118,576,318
1532750237.png,640,360,fire alarm,306,258,386,304
1522979646.png,640,360,coffee machine,177,82,311,274
1530141915.png,640,360,uav,123,85,483,265
1530139335.png,640,360,robot,256,154,376,314
1530138180.png,640,360,soccer ball,345,191,441,287
1532749295.png,640,360,fire alarm,344,56,454,152
1532748099.png,640,360,fire alarm,172,109,306,183
1522982806.png,640,360,potted plant,257,137,401,329
1530137379.png,640,360,soccer ball,239,82,439,298
1522977454.png,640,360,coffee machine,301,196,381,292
1522980993.png,640,360,tissue box,249,155,339,263
1530143369.png,640,360,uav,370,54,610,254
1530137286.png,640,360,soccer ball,234,142,384,262
1522974349.png,640,360,Christmas toy,225,132,369,282
1522973767.png,640,360,Christmas toy,242,116,314,188
1522982308.png,640,360,potted plant,257,237,378,355
1530142601.png,640,360,uav,164,105,452,321
1522981689.png,640,360,tissue box,233,261,377,359
1522982188.png,640,360,potted plant,211,156,335,270
1530137289.png,640,360,soccer ball,286,135,436,255
1522979255.png,640,360,coffee machine,253,127,377,307
1532745571.png,640,360,fire alarm,324,148,444,220
1532748479.png,640,360,fire alarm,236,110,476,254
1522977744.png,640,360,coffee machine,220,100,364,260
1522977661.png,640,360,coffee machine,381,107,525,267
1522973674.png,640,360,Christmas toy,267,73,367,223
1532748063.png,640,360,fire alarm,311,160,481,260
1532746757.png,640,360,fire alarm,325,138,505,258
1522982879.png,640,360,potted plant,212,147,332,281
1530138214.png,640,360,soccer ball,342,186,386,222
1522977655.png,640,360,coffee machine,135,95,279,255
1532920478.png,640,360,tennis racket,448,147,548,197
1532919785.png,640,360,tennis racket,338,172,472,236
1522979544.png,640,360,coffee machine,227,89,335,213
1522977627.png,640,360,coffee machine,272,99,416,259
1522977442.png,640,360,coffee machine,285,194,365,290
1530137809.png,640,360,soccer ball,290,179,350,239
1530142370.png,640,360,uav,160,95,376,311
1522977557.png,640,360,coffee machine,220,91,340,291
1530139799.png,640,360,robot,248,95,372,287
1530140225.png,640,360,robot,271,104,431,266
1532746059.png,640,360,fire alarm,284,154,428,234
1532920131.png,640,360,tennis racket,313,131,393,239
1522981563.png,640,360,tissue box,202,191,310,311
1530142558.png,640,360,uav,187,127,427,247
1532746047.png,640,360,fire alarm,251,66,385,146
1522979624.png,640,360,coffee machine,210,120,344,312
1530142049.png,640,360,uav,285,79,445,319
1532745453.png,640,360,fire alarm,249,76,441,200
1522982202.png,640,360,potted plant,192,193,336,327
1522981023.png,640,360,tissue box,291,152,381,260
1530142025.png,640,360,uav,191,101,491,281
1530137818.png,640,360,soccer ball,341,203,401,263
1522979509.png,640,360,coffee machine,252,154,360,274
1522981480.png,640,360,tissue box,232,140,340,274
1532745564.png,640,360,fire alarm,282,116,402,188
1530138314.png,640,360,soccer ball,395,197,449,245
1530145033.png,640,360,turtle bot,320,36,480,236
1530143909.png,640,360,uav,184,70,472,262
1530137424.png,640,360,soccer ball,244,145,352,265
1530143726.png,640,360,uav,196,92,436,236
1530144397.png,640,360,turtle bot,148,76,292,326
1532749307.png,640,360,fire alarm,402,128,482,174
1530139457.png,640,360,robot,238,77,418,317
1530139814.png,640,360,robot,260,101,388,293
1532920134.png,640,360,tennis racket,382,52,462,140
1530144540.png,640,360,turtle bot,471,90,561,270
1522981615.png,640,360,tissue box,200,188,344,288
1530137650.png,640,360,soccer ball,319,176,409,272
1522977706.png,640,360,coffee machine,174,85,318,245
1532746755.png,640,360,fire alarm,396,123,576,243
1522975030.png,640,360,Christmas toy,235,168,369,312
1532920415.png,640,360,tennis racket,326,201,466,291
1522979186.png,640,360,coffee machine,229,144,309,252
1530143366.png,640,360,uav,346,89,586,289
1522982821.png,640,360,potted plant,265,110,409,281
1522977359.png,640,360,coffee machine,265,187,337,287
1530145095.png,640,360,turtle bot,235,65,435,305
1530140310.png,640,360,robot,157,95,357,319
1522982815.png,640,360,potted plant,267,140,411,288
1532748162.png,640,360,fire alarm,357,188,429,258
1522981623.png,640,360,tissue box,229,258,373,358
1532919771.png,640,360,tennis racket,357,177,491,241
1532919493.png,640,360,tennis racket,249,143,309,273
1522979515.png,640,360,coffee machine,170,126,278,246
1530137250.png,640,360,soccer ball,195,131,375,311
1522977709.png,640,360,coffee machine,262,120,406,280
1530139350.png,640,360,robot,212,156,332,316
1522977411.png,640,360,coffee machine,238,200,318,296
1530137825.png,640,360,soccer ball,253,209,313,269
1530144997.png,640,360,turtle bot,194,13,418,313
1530141914.png,640,360,uav,154,96,514,276
1522982145.png,640,360,potted plant,198,187,306,295
1530137284.png,640,360,soccer ball,215,135,365,255
1530138251.png,640,360,soccer ball,377,180,421,216
1530137423.png,640,360,soccer ball,275,161,383,281
1532746766.png,640,360,fire alarm,208,139,388,259
1522982630.png,640,360,potted plant,262,209,396,343
1522977622.png,640,360,coffee machine,287,98,431,258
1522973702.png,640,360,Christmas toy,206,96,306,246
1522973572.png,640,360,Christmas toy,194,102,274,222
1522979614.png,640,360,coffee machine,276,46,410,238
1530143878.png,640,360,uav,206,102,386,236
1522982822.png,640,360,potted plant,230,80,404,272
1522981926.png,640,360,potted plant,250,158,353,243
1530142748.png,640,360,uav,206,110,448,310
1530138312.png,640,360,soccer ball,421,198,475,246
1530139065.png,640,360,robot,306,126,396,270
1530144994.png,640,360,turtle bot,226,18,450,318
1530143688.png,640,360,uav,140,29,440,285
1530144426.png,640,360,turtle bot,140,34,320,284
1522981636.png,640,360,tissue box,246,242,390,342
1522981654.png,640,360,tissue box,151,235,295,335
1522982303.png,640,360,potted plant,202,230,352,358
1532919736.png,640,360,tennis racket,305,206,439,270
1522981887.png,640,360,potted plant,285,210,366,278
1530137820.png,640,360,soccer ball,364,199,424,259
1522974941.png,640,360,Christmas toy,322,161,456,305
1522979559.png,640,360,coffee machine,299,95,407,219
1522977736.png,640,360,coffee machine,260,85,404,245
1522975255.png,640,360,Christmas toy,180,154,288,274
1530138986.png,640,360,robot,213,170,303,304
1522975168.png,640,360,Christmas toy,267,135,363,243
1522979468.png,640,360,coffee machine,197,103,377,263
1532919690.png,640,360,tennis racket,435,144,499,268
1530138950.png,640,360,robot,289,138,409,318
1522974960.png,640,360,Christmas toy,371,166,499,300
1532746013.png,640,360,fire alarm,255,142,379,212
1522982862.png,640,360,potted plant,229,154,329,272
1522977772.png,640,360,coffee machine,362,90,506,250
1532919743.png,640,360,tennis racket,348,226,482,290
1522977404.png,640,360,coffee machine,252,215,332,311
1530142357.png,640,360,uav,312,71,412,295
1522981639.png,640,360,tissue box,250,228,394,328
1532919511.png,640,360,tennis racket,411,116,471,266
1532919463.png,640,360,tennis racket,256,178,300,312
1522977569.png,640,360,coffee machine,258,69,378,269
1522973775.png,640,360,Christmas toy,245,143,317,215
1530137882.png,640,360,soccer ball,224,158,304,230
1522975025.png,640,360,Christmas toy,226,204,360,348
1532920089.png,640,360,tennis racket,138,171,318,231
1530137760.png,640,360,soccer ball,259,100,339,180
1522979686.png,640,360,coffee machine,265,72,399,264
1530140314.png,640,360,robot,196,93,396,317
1530141912.png,640,360,uav,155,90,515,270
1522982817.png,640,360,potted plant,247,120,391,289
1530137257.png,640,360,soccer ball,328,155,508,335
1522975271.png,640,360,Christmas toy,194,161,302,281
1522981911.png,640,360,potted plant,258,175,342,250
1522982204.png,640,360,potted plant,199,219,333,353
1530138327.png,640,360,soccer ball,445,199,499,247
1522979131.png,640,360,coffee machine,257,140,365,284
1522982633.png,640,360,potted plant,250,238,384,359
1530137664.png,640,360,soccer ball,316,182,406,278
1522981879.png,640,360,potted plant,247,192,323,271
1532749434.png,640,360,fire alarm,327,188,387,252
1530144435.png,640,360,turtle bot,164,41,344,291
1530137419.png,640,360,soccer ball,214,110,322,230
1530138162.png,640,360,soccer ball,294,183,390,279
1532745483.png,640,360,fire alarm,260,132,462,266
1532748053.png,640,360,fire alarm,339,190,439,314
1530140155.png,640,360,robot,288,74,412,266
1522977746.png,640,360,coffee machine,279,82,423,242
1522977653.png,640,360,coffee machine,204,49,348,209
1522981927.png,640,360,potted plant,273,179,355,257
1522960513.png,640,360,Christmas toy,279,143,379,287
1522979250.png,640,360,coffee machine,248,120,372,300
1532920446.png,640,360,tennis racket,365,176,485,240
1522974329.png,640,360,Christmas toy,226,158,370,308
1522977717.png,640,360,coffee machine,191,70,335,230
1522975268.png,640,360,Christmas toy,216,167,324,287
1522981019.png,640,360,tissue box,212,155,302,263
1530139383.png,640,360,robot,232,167,352,295
1522977676.png,640,360,coffee machine,224,115,368,275
1530143417.png,640,360,uav,304,74,504,266
1530145139.png,640,360,turtle bot,223,69,331,261
1530143876.png,640,360,uav,193,60,373,194
1522975235.png,640,360,Christmas toy,232,155,322,283
1522982232.png,640,360,potted plant,174,210,289,330
1530143905.png,640,360,uav,158,67,446,259
1522979296.png,640,360,coffee machine,244,133,368,313
1522979400.png,640,360,coffee machine,203,161,331,295
1522977667.png,640,360,coffee machine,249,93,393,253
1530140318.png,640,360,robot,210,99,410,323
1530143990.png,640,360,uav,131,101,515,325
1530138937.png,640,360,robot,200,129,320,309
1522981001.png,640,360,tissue box,236,170,326,278
1530143418.png,640,360,uav,318,34,518,226
1530142189.png,640,360,uav,297,85,537,277
1522979652.png,640,360,coffee machine,203,61,337,253
1522975037.png,640,360,Christmas toy,181,215,315,359
1522982185.png,640,360,potted plant,227,239,371,358
1522979284.png,640,360,coffee machine,305,106,429,286
1530138856.png,640,360,robot,184,135,284,315
1522974873.png,640,360,Christmas toy,304,129,364,219
1532919547.png,640,360,tennis racket,348,132,408,282
1530143911.png,640,360,uav,184,65,472,257
1522981643.png,640,360,tissue box,209,215,353,315
1530143444.png,640,360,uav,344,100,488,224
1522981586.png,640,360,tissue box,201,191,335,319
1530137931.png,640,360,soccer ball,298,177,358,231
1522979598.png,640,360,coffee machine,374,67,508,259
1532745558.png,640,360,fire alarm,276,136,396,194
1522977682.png,640,360,coffee machine,200,78,344,238
1530139417.png,640,360,robot,172,84,388,308
1522982143.png,640,360,potted plant,186,190,277,278
1532920512.png,640,360,tennis racket,216,56,326,136
1522977672.png,640,360,coffee machine,255,129,399,289
1522973783.png,640,360,Christmas toy,339,151,411,223
1522981404.png,640,360,tissue box,145,208,325,342
1522975049.png,640,360,Christmas toy,233,182,367,326
1530142275.png,640,360,uav,212,134,428,314
1532919688.png,640,360,tennis racket,379,127,443,271
1522981920.png,640,360,potted plant,238,169,318,239
1532746009.png,640,360,fire alarm,271,106,418,206
1530138224.png,640,360,soccer ball,336,209,380,245
1530137322.png,640,360,soccer ball,253,115,433,275
1522981655.png,640,360,tissue box,199,248,343,348
1532919543.png,640,360,tennis racket,306,160,366,290
1522982763.png,640,360,potted plant,267,172,373,281
1522982430.png,640,360,potted plant,264,101,384,245
1522981912.png,640,360,potted plant,262,187,341,262
1530142407.png,640,360,uav,135,141,405,269
1522982331.png,640,360,potted plant,235,207,348,327
1522982831.png,640,360,potted plant,144,120,278,270
1532920467.png,640,360,tennis racket,217,90,327,190
1522979163.png,640,360,coffee machine,258,136,338,244
1530138974.png,640,360,robot,273,149,363,283
1522973683.png,640,360,Christmas toy,252,71,352,221
1522975225.png,640,360,Christmas toy,281,190,371,318
1530140078.png,640,360,robot,236,43,476,313
1530142438.png,640,360,uav,172,93,492,293
1532745527.png,640,360,fire alarm,233,71,425,195
1522977575.png,640,360,coffee machine,284,78,404,278
1522979198.png,640,360,coffee machine,269,203,349,311
1522981688.png,640,360,tissue box,169,261,313,359
1530138217.png,640,360,soccer ball,364,195,408,231
1522981587.png,640,360,tissue box,210,181,344,309
1522981486.png,640,360,tissue box,225,162,333,296
1522975013.png,640,360,Christmas toy,231,184,365,328
1522982614.png,640,360,potted plant,343,222,477,356
1522981637.png,640,360,tissue box,260,218,404,318
1530138879.png,640,360,robot,228,127,328,307
1530139420.png,640,360,robot,183,102,399,326
1530142018.png,640,360,uav,179,83,479,263
1522981007.png,640,360,tissue box,267,148,357,256
1522979136.png,640,360,coffee machine,296,138,376,246
1522982302.png,640,360,potted plant,261,221,381,345
1532920172.png,640,360,tennis racket,432,167,556,207
1532750007.png,640,360,fire alarm,310,256,370,316
1522981696.png,640,360,tissue box,226,220,370,320
1530137627.png,640,360,soccer ball,243,183,371,303
1530143532.png,640,360,uav,281,81,523,273
1530139468.png,640,360,robot,295,76,475,316
1522981693.png,640,360,tissue box,195,228,339,328
1530144960.png,640,360,turtle bot,232,106,432,346
1522982219.png,640,360,potted plant,355,203,445,293
1530137554.png,640,360,soccer ball,244,111,372,255
1522974758.png,640,360,Christmas toy,245,186,353,320
1532920468.png,640,360,tennis racket,341,89,451,129
1532919537.png,640,360,tennis racket,361,96,441,236
1530144869.png,640,360,turtle bot,256,129,376,289
1530144420.png,640,360,turtle bot,102,56,282,306
1530139331.png,640,360,robot,227,165,347,325
1522974360.png,640,360,Christmas toy,184,210,328,360
1522979628.png,640,360,coffee machine,344,121,478,313
1530140191.png,640,360,robot,192,85,384,301
1522975007.png,640,360,Christmas toy,152,169,286,313
1530142435.png,640,360,uav,174,97,494,297
1522977532.png,640,360,coffee machine,312,113,408,237
1522975236.png,640,360,Christmas toy,270,150,360,278
1522977611.png,640,360,coffee machine,274,102,418,262
1530140324.png,640,360,robot,269,89,469,313
1530137828.png,640,360,soccer ball,197,201,257,261
1530137957.png,640,360,soccer ball,289,188,361,262
1530143942.png,640,360,uav,174,82,494,262
1532920289.png,640,360,tennis racket,264,48,354,228
1532920461.png,640,360,tennis racket,317,151,437,231
1530143677.png,640,360,uav,176,53,476,309
1530142434.png,640,360,uav,174,85,494,285
1530143384.png,640,360,uav,340,102,564,282
1530143745.png,640,360,uav,163,71,419,251
1530139072.png,640,360,robot,341,144,431,288
1530143870.png,640,360,uav,209,85,389,219
1522981518.png,640,360,tissue box,197,162,377,286
1530139336.png,640,360,robot,244,156,364,316
1532749247.png,640,360,fire alarm,343,231,453,303
1522981882.png,640,360,potted plant,224,193,300,262
1530137714.png,640,360,soccer ball,311,166,401,256
1532750002.png,640,360,fire alarm,335,241,415,291
1522979304.png,640,360,coffee machine,160,183,284,359
1532920493.png,640,360,tennis racket,197,231,307,291
1532919545.png,640,360,tennis racket,347,152,407,282
1522981613.png,640,360,tissue box,233,211,377,311
1530142337.png,640,360,uav,223,88,463,280
1532748032.png,640,360,fire alarm,180,179,340,279
1522982759.png,640,360,potted plant,249,150,345,270
1532748595.png,640,360,fire alarm,226,118,276,182
1530137245.png,640,360,soccer ball,217,91,397,271
1530138881.png,640,360,robot,231,117,331,297
1522977755.png,640,360,coffee machine,233,110,377,270
1532750037.png,640,360,fire alarm,296,229,404,277
1522981657.png,640,360,tissue box,249,266,393,359
1530138290.png,640,360,soccer ball,341,174,395,222
1532750158.png,640,360,fire alarm,233,189,353,273
1532749290.png,640,360,fire alarm,420,90,520,166
1522982697.png,640,360,potted plant,226,71,406,295
1530137315.png,640,360,soccer ball,190,159,370,319
1530137833.png,640,360,soccer ball,322,165,382,225
1530138231.png,640,360,soccer ball,309,191,353,227
1522982793.png,640,360,potted plant,206,141,370,291
1532748081.png,640,360,fire alarm,305,151,429,225
1522975211.png,640,360,Christmas toy,241,147,375,267
1532919512.png,640,360,tennis racket,404,114,464,264
1532750035.png,640,360,fire alarm,254,249,342,297
1532750010.png,640,360,fire alarm,337,262,407,322
1530143882.png,640,360,uav,187,69,367,203
1522977568.png,640,360,coffee machine,235,114,355,314
1530139670.png,640,360,robot,247,111,427,311
1522981883.png,640,360,potted plant,243,186,320,249
1530143681.png,640,360,uav,134,77,434,333
1522960480.png,640,360,Christmas toy,314,190,434,310
1522974997.png,640,360,Christmas toy,225,175,369,325
1530143361.png,640,360,uav,293,59,533,259
1530137827.png,640,360,soccer ball,203,221,263,281
1522973801.png,640,360,Christmas toy,272,83,392,191
1530138373.png,640,360,soccer ball,324,176,432,296
1530137430.png,640,360,soccer ball,350,146,458,266
1532750235.png,640,360,fire alarm,381,257,461,303
1522975046.png,640,360,Christmas toy,191,176,325,320
1522975185.png,640,360,Christmas toy,197,147,331,267
1530139063.png,640,360,robot,299,129,389,273
1522982403.png,640,360,potted plant,193,134,313,278
1530142765.png,640,360,uav,231,61,471,301
1530140123.png,640,360,robot,172,36,388,292
1522973689.png,640,360,Christmas toy,262,86,362,236
1532920511.png,640,360,tennis racket,89,79,209,139
1522982634.png,640,360,potted plant,274,214,408,348
1532749955.png,640,360,fire alarm,312,258,374,312
1522973678.png,640,360,Christmas toy,212,104,312,254
1522979483.png,640,360,coffee machine,252,105,360,225
1530144958.png,640,360,turtle bot,206,68,406,308
1530139802.png,640,360,robot,253,107,377,299
1530142771.png,640,360,uav,160,85,400,325
1530138222.png,640,360,soccer ball,364,197,408,233
1530143753.png,640,360,uav,194,54,450,234
1522977418.png,640,360,coffee machine,293,201,373,297
1530140326.png,640,360,robot,292,72,492,296
1530137417.png,640,360,soccer ball,274,138,382,258
1522981659.png,640,360,tissue box,263,207,407,307
1522974762.png,640,360,Christmas toy,215,189,323,323
1522979562.png,640,360,coffee machine,194,99,302,223
1530137683.png,640,360,soccer ball,318,203,408,299
1530140131.png,640,360,robot,106,35,322,291
1530137585.png,640,360,soccer ball,323,161,443,269
1522973698.png,640,360,Christmas toy,171,72,271,222
1522979500.png,640,360,coffee machine,305,116,413,236
1530144853.png,640,360,turtle bot,181,107,301,267
1530141919.png,640,360,uav,130,96,490,276
1532746034.png,640,360,fire alarm,357,132,478,212
1522973567.png,640,360,Christmas toy,259,109,339,229
1522981513.png,640,360,tissue box,223,164,403,288
1522982761.png,640,360,potted plant,260,129,356,234
1530143530.png,640,360,uav,256,112,498,304
1532746050.png,640,360,fire alarm,222,158,346,238
1522974922.png,640,360,Christmas toy,287,202,377,292
1532745452.png,640,360,fire alarm,264,82,456,206
1530137715.png,640,360,soccer ball,320,182,410,272
1530137807.png,640,360,soccer ball,277,174,337,234
1522981649.png,640,360,tissue box,209,201,353,301
1532745180.png,640,360,fire alarm,154,77,265,158
1522973575.png,640,360,Christmas toy,253,97,333,217
1522975036.png,640,360,Christmas toy,255,201,389,345
1532750145.png,640,360,fire alarm,330,114,400,174
1530139682.png,640,360,robot,321,133,501,333
1532749270.png,640,360,fire alarm,317,85,467,181
1522981024.png,640,360,tissue box,278,145,368,253
1532919465.png,640,360,tennis racket,275,189,319,323
1530140162.png,640,360,robot,358,96,482,288
1532919522.png,640,360,tennis racket,317,110,377,260
1530141937.png,640,360,uav,175,128,535,308
1522979159.png,640,360,coffee machine,250,149,330,257
1522982694.png,640,360,potted plant,173,104,353,328
1530137467.png,640,360,soccer ball,248,148,356,272
1532745489.png,640,360,fire alarm,210,120,402,244
1522974976.png,640,360,Christmas toy,308,129,436,263
1530145035.png,640,360,turtle bot,279,49,439,249
1530142187.png,640,360,uav,291,98,531,290
1530142340.png,640,360,uav,220,72,460,264
1530139714.png,640,360,robot,303,24,495,312
1530142114.png,640,360,uav,194,72,450,196
1522960505.png,640,360,Christmas toy,275,136,375,280
1532750012.png,640,360,fire alarm,336,276,406,326
1532919523.png,640,360,tennis racket,283,101,343,231
1532919484.png,640,360,tennis racket,246,160,316,320
1530139330.png,640,360,robot,231,160,351,320
1530138951.png,640,360,robot,285,135,405,315
1530142182.png,640,360,uav,246,110,486,302
1530139016.png,640,360,robot,284,147,404,327
1522979538.png,640,360,coffee machine,248,124,356,248
1530137685.png,640,360,soccer ball,344,185,434,281
1530143960.png,640,360,uav,187,80,507,260
1522973632.png,640,360,Christmas toy,175,72,303,288
1530142334.png,640,360,uav,215,91,455,283
1530139424.png,640,360,robot,182,72,398,296
1522982356.png,640,360,potted plant,335,134,527,314
1522974875.png,640,360,Christmas toy,306,132,366,222
1522981462.png,640,360,tissue box,133,186,257,314
1530142117.png,640,360,uav,178,81,434,205
1530143679.png,640,360,uav,149,70,449,326
1530137402.png,640,360,soccer ball,301,125,409,245
1522979283.png,640,360,coffee machine,293,135,417,315
1522977576.png,640,360,coffee machine,279,81,399,281
1530137885.png,640,360,soccer ball,234,160,314,232
1532748513.png,640,360,fire alarm,259,73,393,163
1530145070.png,640,360,turtle bot,308,26,508,314
1522974920.png,640,360,Christmas toy,301,140,391,230
1522979507.png,640,360,coffee machine,272,108,380,228
1522982400.png,640,360,potted plant,179,149,299,283
1522979132.png,640,360,coffee machine,279,140,387,284
1532745179.png,640,360,fire alarm,158,87,264,159
1522981045.png,640,360,tissue box,279,145,369,253
1522979171.png,640,360,coffee machine,291,137,371,245
1532920471.png,640,360,tennis racket,308,92,428,172
1522975227.png,640,360,Christmas toy,191,181,281,309
1530138225.png,640,360,soccer ball,349,209,393,245
1530138172.png,640,360,soccer ball,304,187,400,283
1530139469.png,640,360,robot,288,84,468,324
1522981277.png,640,360,tissue box,279,227,387,323
1522977393.png,640,360,coffee machine,365,195,445,291
1530142437.png,640,360,uav,165,105,485,305
1532920195.png,640,360,tennis racket,429,172,513,202
1530143391.png,640,360,uav,327,82,551,262
1530137654.png,640,360,soccer ball,352,165,442,261
1530137679.png,640,360,soccer ball,324,190,414,286
1532749142.png,640,360,fire alarm,370,232,460,302
1522974792.png,640,360,Christmas toy,209,173,329,301
1530138954.png,640,360,robot,289,145,409,325
1530142592.png,640,360,uav,136,58,424,274
1522982841.png,640,360,potted plant,241,161,415,353
1532746748.png,640,360,fire alarm,340,176,520,296
1530143989.png,640,360,uav,137,92,521,316
1532746730.png,640,360,fire alarm,339,101,529,201
1522979308.png,640,360,coffee machine,220,96,344,276
1530137706.png,640,360,soccer ball,258,173,348,263
1522982330.png,640,360,potted plant,269,207,382,327
1522982623.png,640,360,potted plant,238,237,372,359
1530138867.png,640,360,robot,162,108,262,288
1522982238.png,640,360,potted plant,252,215,352,305
1522977407.png,640,360,coffee machine,266,235,346,331
1522977656.png,640,360,coffee machine,234,118,378,278
1532750118.png,640,360,fire alarm,322,146,412,220
1522979659.png,640,360,coffee machine,196,83,330,275
1530142368.png,640,360,uav,159,76,375,292
1522975234.png,640,360,Christmas toy,226,170,316,298
1522977758.png,640,360,coffee machine,234,99,378,259
1522979169.png,640,360,coffee machine,300,141,380,249
1530144423.png,640,360,turtle bot,130,45,310,295
1530143741.png,640,360,uav,210,126,466,306
1530141971.png,640,360,uav,238,64,398,256
1530139029.png,640,360,robot,216,157,336,337
1522973583.png,640,360,Christmas toy,167,108,247,228
1530138258.png,640,360,soccer ball,350,151,394,187
1522973756.png,640,360,Christmas toy,295,134,375,234
1522981538.png,640,360,tissue box,150,167,330,291
1532919524.png,640,360,tennis racket,269,107,329,227
1522981527.png,640,360,tissue box,195,164,375,288
1522979301.png,640,360,coffee machine,252,125,376,305
1522977687.png,640,360,coffee machine,234,104,378,264
1532748092.png,640,360,fire alarm,267,160,371,234
1532920419.png,640,360,tennis racket,348,203,468,283
1530139391.png,640,360,robot,319,169,439,297
1522973672.png,640,360,Christmas toy,247,95,347,245
1522981402.png,640,360,tissue box,173,182,353,316
1522982807.png,640,360,potted plant,179,150,323,342
1532919461.png,640,360,tennis racket,251,177,295,311
1532920432.png,640,360,tennis racket,312,176,432,240
1530137557.png,640,360,soccer ball,245,155,373,299
1532749998.png,640,360,fire alarm,338,274,418,334
1530144368.png,640,360,turtle bot,256,44,416,294
1522979118.png,640,360,coffee machine,276,161,384,305
1532750023.png,640,360,fire alarm,411,265,487,315
1522977663.png,640,360,coffee machine,249,108,393,268
1532748601.png,640,360,fire alarm,266,106,306,150
1522975045.png,640,360,Christmas toy,187,198,321,342
1522977415.png,640,360,coffee machine,230,194,310,290
1532750022.png,640,360,fire alarm,297,255,397,315
1532919775.png,640,360,tennis racket,272,169,406,233
1530143912.png,640,360,uav,183,58,471,250
1530144509.png,640,360,turtle bot,449,97,539,259
1530138168.png,640,360,soccer ball,298,200,394,296
1522981937.png,640,360,potted plant,257,157,368,248
1522974844.png,640,360,Christmas toy,207,188,327,308
1530139564.png,640,360,robot,246,38,426,308
1532745163.png,640,360,fire alarm,209,130,289,189
1532750131.png,640,360,fire alarm,256,222,366,286
1522982618.png,640,360,potted plant,267,214,401,348
1530145119.png,640,360,turtle bot,304,68,412,260
1522979560.png,640,360,coffee machine,267,93,375,217
1530145039.png,640,360,turtle bot,280,82,440,282
1530137242.png,640,360,soccer ball,213,82,393,262
1522974347.png,640,360,Christmas toy,209,182,353,332
1530139017.png,640,360,robot,260,149,380,329
1522981931.png,640,360,potted plant,246,171,339,255
1522973687.png,640,360,Christmas toy,217,68,317,218
1530142222.png,640,360,uav,166,79,566,271
1530137920.png,640,360,soccer ball,240,182,300,236
1532919686.png,640,360,tennis racket,331,124,405,288
1532919536.png,640,360,tennis racket,340,129,410,279
1522973773.png,640,360,Christmas toy,221,138,293,210
1522981316.png,640,360,tissue box,200,224,308,320
1522977584.png,640,360,coffee machine,283,100,411,260
1530144486.png,640,360,turtle bot,374,74,518,274
1532746765.png,640,360,fire alarm,94,155,274,281
1532920480.png,640,360,tennis racket,296,90,396,150
1522981303.png,640,360,tissue box,281,205,389,301
1522981502.png,640,360,tissue box,198,158,306,292
1530141969.png,640,360,uav,254,73,414,265
1522981321.png,640,360,tissue box,235,195,343,291
1522974867.png,640,360,Christmas toy,272,163,346,235
1530144400.png,640,360,turtle bot,267,63,411,313
1532750153.png,640,360,fire alarm,392,152,492,216
1530142766.png,640,360,uav,254,17,494,257
1522981917.png,640,360,potted plant,277,182,334,235
1530142244.png,640,360,uav,245,135,437,263
1522982782.png,640,360,potted plant,218,123,350,269
1530137731.png,640,360,soccer ball,230,193,320,283
1522977583.png,640,360,coffee machine,259,100,387,260
1532748630.png,640,360,fire alarm,418,122,492,176
1530142019.png,640,360,uav,165,91,465,271
1532747969.png,640,360,fire alarm,274,136,430,266
1522979117.png,640,360,coffee machine,283,151,391,295
1530144419.png,640,360,turtle bot,157,48,337,298
1532746039.png,640,360,fire alarm,229,135,373,215
1530138322.png,640,360,soccer ball,421,201,475,249
1532746775.png,640,360,fire alarm,158,127,308,247
1532919787.png,640,360,tennis racket,315,178,449,242
1522981517.png,640,360,tissue box,182,167,362,291
1522977773.png,640,360,coffee machine,304,54,448,214
1530144544.png,640,360,turtle bot,236,88,326,268
1530140291.png,640,360,robot,274,165,374,299
1522977560.png,640,360,coffee machine,215,75,335,275
1522979682.png,640,360,coffee machine,247,74,381,266
1532919521.png,640,360,tennis racket,319,140,389,270
1530138330.png,640,360,soccer ball,443,199,497,247
1530140075.png,640,360,robot,200,41,440,311
1522974328.png,640,360,Christmas toy,237,151,381,301
1532919467.png,640,360,tennis racket,274,200,318,334
1532920494.png,640,360,tennis racket,132,191,252,261
1530138305.png,640,360,soccer ball,397,142,451,190
1522979295.png,640,360,coffee machine,273,126,397,306
1530145025.png,640,360,turtle bot,321,67,481,267
1530137292.png,640,360,soccer ball,236,155,386,275
1522977724.png,640,360,coffee machine,355,117,499,277
1530139379.png,640,360,robot,225,191,345,319
1530145100.png,640,360,turtle bot,158,51,358,291
1530145041.png,640,360,turtle bot,255,95,415,295
1532920180.png,640,360,tennis racket,153,81,287,131
1530137249.png,640,360,soccer ball,210,118,390,298
1530144862.png,640,360,turtle bot,226,129,346,289
1530144323.png,640,360,turtle bot,291,50,411,266
1532749117.png,640,360,fire alarm,316,214,396,254
1530144907.png,640,360,turtle bot,283,108,383,324
1522977615.png,640,360,coffee machine,264,103,408,263
1522974754.png,640,360,Christmas toy,269,164,377,298
1530138977.png,640,360,robot,250,162,340,296
1522981616.png,640,360,tissue box,173,221,317,321
1522975029.png,640,360,Christmas toy,254,173,388,317
1522979473.png,640,360,coffee machine,203,140,311,260
1532745149.png,640,360,fire alarm,220,70,299,127
1522979126.png,640,360,coffee machine,275,132,383,276
1522981313.png,640,360,tissue box,285,224,393,320
1530137928.png,640,360,soccer ball,286,170,346,224
1522981405.png,640,360,tissue box,156,187,336,321
1530137711.png,640,360,soccer ball,242,169,332,259
1530143502.png,640,360,uav,247,207,439,331
1522982812.png,640,360,potted plant,256,94,400,286
1522977641.png,640,360,coffee machine,227,91,371,251
1522975127.png,640,360,Christmas toy,237,145,333,279
1530143957.png,640,360,uav,193,120,513,300
1522982240.png,640,360,potted plant,267,212,367,302
1522979689.png,640,360,coffee machine,264,54,398,246
1522979457.png,640,360,coffee machine,118,113,298,273
1522982192.png,640,360,potted plant,252,234,396,359
1530138176.png,640,360,soccer ball,368,184,464,280
1522977643.png,640,360,coffee machine,279,97,423,257
1530137422.png,640,360,soccer ball,273,142,381,262
1532750036.png,640,360,fire alarm,292,263,380,311
1530144334.png,640,360,turtle bot,325,94,445,310
1522977633.png,640,360,coffee machine,238,108,382,268
1530138213.png,640,360,soccer ball,345,185,389,221
1530144417.png,640,360,turtle bot,160,40,340,290
1522977448.png,640,360,coffee machine,245,212,325,308
1530142409.png,640,360,uav,135,148,405,276
1530140146.png,640,360,robot,245,56,369,248
1530142274.png,640,360,uav,205,133,421,313
1522960486.png,640,360,Christmas toy,272,163,362,287
1522979298.png,640,360,coffee machine,257,146,381,326
1522977456.png,640,360,coffee machine,263,207,343,303
1532919530.png,640,360,tennis racket,380,122,460,282
1530138223.png,640,360,soccer ball,344,196,388,232
1532920125.png,640,360,tennis racket,116,78,216,176
1532920473.png,640,360,tennis racket,304,92,424,172
1522982882.png,640,360,potted plant,160,152,280,286
1522981884.png,640,360,potted plant,260,183,330,240
1532920139.png,640,360,tennis racket,198,194,298,302
1530137494.png,640,360,soccer ball,259,125,393,269
1530143722.png,640,360,uav,185,67,425,211
1530142021.png,640,360,uav,175,98,475,278
1530139813.png,640,360,robot,256,102,384,294
1522977358.png,640,360,coffee machine,271,165,343,265
1530137587.png,640,360,soccer ball,319,147,439,255
1522981478.png,640,360,tissue box,165,178,273,312
1530137369.png,640,360,soccer ball,195,143,395,359
1532748506.png,640,360,fire alarm,216,93,350,183
1530141917.png,640,360,uav,144,109,504,289
1522973787.png,640,360,Christmas toy,300,188,372,260
1522981048.png,640,360,tissue box,256,107,346,215
1530145116.png,640,360,turtle bot,307,87,415,279
1530139418.png,640,360,robot,148,94,364,318
1530144531.png,640,360,turtle bot,362,72,452,252
1530142568.png,640,360,uav,174,134,444,294
1522981286.png,640,360,tissue box,268,226,376,322
1522982826.png,640,360,potted plant,144,225,378,358
1530143367.png,640,360,uav,358,108,598,308
1530141921.png,640,360,uav,132,118,492,298
1530144576.png,640,360,turtle bot,302,91,422,271
1522979150.png,640,360,coffee machine,351,136,431,244
1522979264.png,640,360,coffee machine,284,112,428,292
1522973789.png,640,360,Christmas toy,326,123,398,195
1522979178.png,640,360,coffee machine,309,146,389,254
1530145044.png,640,360,turtle bot,298,73,458,273
1532746737.png,640,360,fire alarm,284,93,468,213
1530141939.png,640,360,uav,182,128,542,308
1522975115.png,640,360,Christmas toy,208,160,304,294
1522982220.png,640,360,potted plant,326,208,416,304
1522975269.png,640,360,Christmas toy,194,144,302,264
1522979168.png,640,360,coffee machine,293,159,373,267
1522979189.png,640,360,coffee machine,295,178,375,286
1532749134.png,640,360,fire alarm,290,233,360,273
1522973736.png,640,360,Christmas toy,284,108,344,180
1532746716.png,640,360,fire alarm,321,103,501,233
1522979667.png,640,360,coffee machine,304,91,438,283
1522982195.png,640,360,potted plant,159,209,283,323
1530137247.png,640,360,soccer ball,190,112,370,292
1532920101.png,640,360,tennis racket,314,141,504,221
1522977353.png,640,360,coffee machine,264,144,336,244
1522977705.png,640,360,coffee machine,212,92,356,252
1530140235.png,640,360,robot,299,114,459,276
1530143358.png,640,360,uav,268,101,508,301
1532750000.png,640,360,fire alarm,273,228,363,298
1530137290.png,640,360,soccer ball,272,145,422,265
1530139596.png,640,360,robot,259,10,393,280
1522981669.png,640,360,tissue box,139,252,283,352
1522981614.png,640,360,tissue box,187,215,331,315
1522981314.png,640,360,tissue box,289,228,397,324
1532920514.png,640,360,tennis racket,395,100,505,170
1532748447.png,640,360,fire alarm,221,92,461,236
1522977712.png,640,360,coffee machine,293,92,437,252
1530138862.png,640,360,robot,206,109,306,289
1522973776.png,640,360,Christmas toy,263,143,335,215
1522977768.png,640,360,coffee machine,243,101,387,261
1522973728.png,640,360,Christmas toy,286,125,346,197
1522981329.png,640,360,tissue box,281,222,389,318
1522982429.png,640,360,potted plant,280,105,400,256
1522975119.png,640,360,Christmas toy,242,161,338,295
1530144373.png,640,360,turtle bot,195,64,355,314
1532750219.png,640,360,fire alarm,311,261,411,317
1522979605.png,640,360,coffee machine,299,77,433,269
1530140149.png,640,360,robot,271,68,395,260
1530143917.png,640,360,uav,193,65,481,257
1522982864.png,640,360,potted plant,223,193,331,313
1530143959.png,640,360,uav,178,75,498,255
1532919936.png,640,360,tennis racket,227,97,447,231
1530137821.png,640,360,soccer ball,311,208,371,268
1522979521.png,640,360,coffee machine,204,119,312,239
1522979525.png,640,360,coffee machine,231,94,339,214
1532920515.png,640,360,tennis racket,467,168,537,218
1530137756.png,640,360,soccer ball,265,96,345,176
1522979396.png,640,360,coffee machine,197,125,341,285
1530140313.png,640,360,robot,171,103,371,327
1530137291.png,640,360,soccer ball,292,138,442,258
1522979120.png,640,360,coffee machine,273,144,381,288
1530139674.png,640,360,robot,262,122,442,322
1522981641.png,640,360,tissue box,179,258,323,358
1522974353.png,640,360,Christmas toy,371,147,515,297
1530137686.png,640,360,soccer ball,360,200,450,296
1530139731.png,640,360,robot,218,100,398,316
1522982625.png,640,360,potted plant,172,223,306,347
1522974915.png,640,360,Christmas toy,237,163,327,253
1530142029.png,640,360,uav,174,131,474,311
1522977408.png,640,360,coffee machine,299,206,379,302
1532745530.png,640,360,fire alarm,250,106,422,220
1522960499.png,640,360,Christmas toy,250,139,350,283
1530142163.png,640,360,uav,285,100,501,300
1522974793.png,640,360,Christmas toy,211,174,331,302
1530138852.png,640,360,robot,236,105,336,285
1530141908.png,640,360,uav,113,74,473,254
1522973578.png,640,360,Christmas toy,299,92,379,212
1522975174.png,640,360,Christmas toy,234,145,368,265
1522979156.png,640,360,coffee machine,235,149,315,257
1530143921.png,640,360,uav,193,92,481,284
1530142770.png,640,360,uav,169,90,409,330
1522975035.png,640,360,Christmas toy,251,206,385,350
1530140262.png,640,360,robot,234,134,306,230
1532919542.png,640,360,tennis racket,329,132,389,252
1530142277.png,640,360,uav,237,138,453,318
1532748115.png,640,360,fire alarm,200,83,284,137
1522981053.png,640,360,tissue box,257,166,347,274
1530141998.png,640,360,uav,134,53,422,269
1530137708.png,640,360,soccer ball,234,177,324,267
1532920256.png,640,360,tennis racket,383,90,463,270
1522979378.png,640,360,coffee machine,284,120,428,280
1522981310.png,640,360,tissue box,216,196,324,292
1522975021.png,640,360,Christmas toy,298,148,432,292
1522979602.png,640,360,coffee machine,153,119,287,311
1530142134.png,640,360,uav,193,18,417,242
1522981500.png,640,360,tissue box,218,161,326,295
1530145065.png,640,360,turtle bot,265,29,465,317
1522981041.png,640,360,tissue box,240,149,330,257
1522980992.png,640,360,tissue box,247,158,337,266
1532746032.png,640,360,fire alarm,317,158,431,238
1530144459.png,640,360,turtle bot,271,68,415,268
1522979199.png,640,360,coffee machine,263,200,343,308
1522975006.png,640,360,Christmas toy,173,176,307,320
1530137255.png,640,360,soccer ball,311,167,491,347
1530144374.png,640,360,turtle bot,193,57,353,307
1532748026.png,640,360,fire alarm,223,96,363,216
1522975233.png,640,360,Christmas toy,232,137,322,265
1522975140.png,640,360,Christmas toy,243,159,339,293
1530137953.png,640,360,soccer ball,270,177,342,251
1530139071.png,640,360,robot,341,140,431,284
1522975229.png,640,360,Christmas toy,192,187,282,315
1530144909.png,640,360,turtle bot,264,109,364,325
1522981558.png,640,360,tissue box,263,175,371,295
1522975081.png,640,360,Christmas toy,238,184,346,344
1522981495.png,640,360,tissue box,242,139,350,273
1522979565.png,640,360,coffee machine,252,108,360,232
1522979626.png,640,360,coffee machine,235,66,369,258
1530139525.png,640,360,robot,147,84,307,264
1530139557.png,640,360,robot,263,53,443,323
1522973741.png,640,360,Christmas toy,311,142,371,214
1530143948.png,640,360,uav,179,79,499,259
1532748158.png,640,360,fire alarm,411,173,483,213
1522973738.png,640,360,Christmas toy,266,130,326,202
1522981676.png,640,360,tissue box,184,214,328,314
1522981463.png,640,360,tissue box,230,193,354,321
1522981372.png,640,360,tissue box,268,184,412,304
1522981889.png,640,360,potted plant,293,182,367,246
1522981905.png,640,360,potted plant,232,181,299,245
1532746728.png,640,360,fire alarm,376,83,536,203
1522979588.png,640,360,coffee machine,240,105,374,297
1530139521.png,640,360,robot,173,85,333,265
1530137811.png,640,360,soccer ball,270,157,330,217
1530140160.png,640,360,robot,306,88,430,280
1532749969.png,640,360,fire alarm,270,253,352,291
1522981510.png,640,360,tissue box,236,144,416,268
1530139467.png,640,360,robot,317,72,497,312
1522977678.png,640,360,coffee machine,232,87,376,247
1532746036.png,640,360,fire alarm,242,124,376,204
1522974926.png,640,360,Christmas toy,292,168,382,258
1522981914.png,640,360,potted plant,243,177,312,250
1522977731.png,640,360,coffee machine,268,95,412,255
1530137881.png,640,360,soccer ball,238,166,318,238
1522979601.png,640,360,coffee machine,197,103,331,295
1532749994.png,640,360,fire alarm,303,237,370,280
1530140158.png,640,360,robot,302,90,426,282
1530144577.png,640,360,turtle bot,341,92,461,272
1530144477.png,640,360,turtle bot,344,54,488,254
1530139505.png,640,360,robot,407,120,587,300
1522980999.png,640,360,tissue box,233,168,323,276
1522977570.png,640,360,coffee machine,249,73,369,273
1522982824.png,640,360,potted plant,148,127,361,358
1532920270.png,640,360,tennis racket,252,86,302,246
1532919752.png,640,360,tennis racket,277,159,401,223
1530144868.png,640,360,turtle bot,265,126,385,286
1532750016.png,640,360,fire alarm,320,256,400,316
1532746740.png,640,360,fire alarm,258,148,438,278
1522977605.png,640,360,coffee machine,208,96,352,256
1522974356.png,640,360,Christmas toy,364,164,508,314
1530144406.png,640,360,turtle bot,198,68,342,318
1522981406.png,640,360,tissue box,221,166,401,300
1532749433.png,640,360,fire alarm,339,153,409,207
1532745167.png,640,360,fire alarm,191,141,279,213
1522977747.png,640,360,coffee machine,255,110,399,270
1532749306.png,640,360,fire alarm,324,121,414,177
1530139018.png,640,360,robot,262,153,382,333
1522975188.png,640,360,Christmas toy,239,169,373,289
1522977554.png,640,360,coffee machine,254,119,374,319
1522982796.png,640,360,potted plant,209,170,380,360
1522982768.png,640,360,potted plant,190,130,355,302
1522982665.png,640,360,potted plant,256,225,356,333
1522982617.png,640,360,potted plant,249,229,383,359
1522977708.png,640,360,coffee machine,199,109,343,269
1532750229.png,640,360,fire alarm,328,263,388,309
1530139380.png,640,360,robot,221,184,341,312
1530138255.png,640,360,soccer ball,356,143,400,179
1530145096.png,640,360,turtle bot,237,46,437,286
1530139056.png,640,360,robot,237,106,327,250
1530141928.png,640,360,uav,121,143,481,323
1530142352.png,640,360,uav,251,52,351,276
1532749143.png,640,360,fire alarm,344,210,434,270
1530137381.png,640,360,soccer ball,249,90,449,306
1532745465.png,640,360,fire alarm,183,106,345,210
1532920181.png,640,360,tennis racket,211,57,345,97
1532749943.png,640,360,fire alarm,323,274,398,322
1530138383.png,640,360,soccer ball,425,199,533,319
1532745579.png,640,360,fire alarm,322,114,442,206
1530138915.png,640,360,robot,230,136,338,280
1522979175.png,640,360,coffee machine,263,140,343,248
1532746037.png,640,360,fire alarm,247,133,371,213
1522979543.png,640,360,coffee machine,201,100,309,224
1522982402.png,640,360,potted plant,224,122,344,266
1532750233.png,640,360,fire alarm,362,241,442,297
1530138227.png,640,360,soccer ball,324,223,368,259
1530138304.png,640,360,soccer ball,367,138,421,186
1522982757.png,640,360,potted plant,252,150,360,260
1522974332.png,640,360,Christmas toy,309,160,453,310
1522977626.png,640,360,coffee machine,264,103,408,263
1530142138.png,640,360,uav,211,37,435,261
1522977659.png,640,360,coffee machine,218,64,362,224
1530139563.png,640,360,robot,253,32,433,302
1522979467.png,640,360,coffee machine,121,118,301,278
1530142034.png,640,360,uav,150,94,450,274
1522973646.png,640,360,Christmas toy,235,47,363,263
1530140077.png,640,360,robot,224,38,464,308
1532749275.png,640,360,fire alarm,275,139,425,235
1532749965.png,640,360,fire alarm,333,284,425,342
1530141931.png,640,360,uav,172,123,532,303
1522973751.png,640,360,Christmas toy,298,107,358,179
1522977700.png,640,360,coffee machine,176,65,320,225
1530144379.png,640,360,turtle bot,196,58,356,308
1532748148.png,640,360,fire alarm,412,127,474,167
1522979516.png,640,360,coffee machine,161,121,269,241
1522977457.png,640,360,coffee machine,268,223,348,319
1522973700.png,640,360,Christmas toy,166,97,266,247
1530143139.png,640,360,uav,117,101,437,317
1530140150.png,640,360,robot,263,70,387,262
1522981309.png,640,360,tissue box,216,182,324,278
1522982887.png,640,360,potted plant,117,156,267,290
1530137889.png,640,360,soccer ball,331,157,411,229
1530143966.png,640,360,uav,207,37,527,217
1522973694.png,640,360,Christmas toy,268,66,368,216
1530144529.png,640,360,turtle bot,323,64,413,244
1522979527.png,640,360,coffee machine,277,154,385,274
1530142050.png,640,360,uav,278,80,438,320
1522979184.png,640,360,coffee machine,258,139,338,247
1530143441.png,640,360,uav,367,114,511,238
1522977769.png,640,360,coffee machine,207,88,351,248
1530140139.png,640,360,robot,223,56,347,248
1532748028.png,640,360,fire alarm,252,82,412,202
1522975128.png,640,360,Christmas toy,210,155,306,289
1522982755.png,640,360,potted plant,290,151,401,262
1522981397.png,640,360,tissue box,192,159,372,293
1532748501.png,640,360,fire alarm,170,98,324,198
1532747970.png,640,360,fire alarm,248,108,414,228
1530145030.png,640,360,turtle bot,327,72,487,272
1522977414.png,640,360,coffee machine,238,190,318,286
1522981032.png,640,360,tissue box,193,169,283,277
1532748085.png,640,360,fire alarm,406,88,520,172
1522977610.png,640,360,coffee machine,263,121,407,281
1522981521.png,640,360,tissue box,215,196,395,320
1522982274.png,640,360,potted plant,220,275,318,359
1530143965.png,640,360,uav,179,56,499,236
1522977426.png,640,360,coffee machine,300,221,380,317
1530140283.png,640,360,robot,219,143,319,277
1530137922.png,640,360,soccer ball,252,185,312,239
1530142246.png,640,360,uav,290,147,482,275
1530144582.png,640,360,turtle bot,306,74,426,254
1522977683.png,640,360,coffee machine,215,97,359,257
1530142386.png,640,360,uav,92,64,452,244
1522982902.png,640,360,potted plant,214,126,339,250
1532920146.png,640,360,tennis racket,405,100,495,208
1530144955.png,640,360,turtle bot,232,55,432,295
1522975020.png,640,360,Christmas toy,295,158,429,302
1522979377.png,640,360,coffee machine,283,132,427,292
1530142110.png,640,360,uav,179,75,435,199
1530142591.png,640,360,uav,140,60,428,276
1522979122.png,640,360,coffee machine,238,151,346,295
1530140098.png,640,360,robot,188,94,348,310
1532919680.png,640,360,tennis racket,409,159,483,313
1522981292.png,640,360,tissue box,227,213,335,309
1522977670.png,640,360,coffee machine,299,106,443,266
1530139500.png,640,360,robot,339,121,519,301
1522977657.png,640,360,coffee machine,246,60,390,220
1522979658.png,640,360,coffee machine,187,94,321,286
1530140208.png,640,360,robot,296,104,446,284
1522982779.png,640,360,potted plant,160,168,357,348
1530145048.png,640,360,turtle bot,201,91,361,291
1522979541.png,640,360,coffee machine,267,108,375,232
1530142136.png,640,360,uav,170,9,394,233
1532749237.png,640,360,fire alarm,346,151,436,273
1522982144.png,640,360,potted plant,183,182,291,290
1522981006.png,640,360,tissue box,221,149,311,257
1522973690.png,640,360,Christmas toy,289,74,389,224
1522977367.png,640,360,coffee machine,274,196,346,296
1522979130.png,640,360,coffee machine,244,143,352,287
1532745533.png,640,360,fire alarm,204,112,396,236
1522982816.png,640,360,potted plant,254,110,398,302
1530139343.png,640,360,robot,257,161,377,321
1530138923.png,640,360,robot,209,158,317,302
1522982838.png,640,360,potted plant,267,166,431,342
1532745618.png,640,360,fire alarm,363,144,523,244
1532748557.png,640,360,fire alarm,181,114,261,168
1522960492.png,640,360,Christmas toy,276,130,376,274
1530143746.png,640,360,uav,185,85,441,265
1532748558.png,640,360,fire alarm,188,107,248,171
1522982770.png,640,360,potted plant,135,140,307,313
1522982764.png,640,360,potted plant,282,162,394,282
1532750133.png,640,360,fire alarm,359,166,449,230
1530137712.png,640,360,soccer ball,252,173,342,263
1522981929.png,640,360,potted plant,278,174,361,260
1522981539.png,640,360,tissue box,158,164,338,288
1522977725.png,640,360,coffee machine,294,81,438,241
1530142567.png,640,360,uav,166,123,436,283
1530144917.png,640,360,turtle bot,330,84,430,300
1532919735.png,640,360,tennis racket,274,214,408,278
1522974345.png,640,360,Christmas toy,222,215,366,359
1522974961.png,640,360,Christmas toy,284,173,412,307
1530138917.png,640,360,robot,217,145,325,289
1530138259.png,640,360,soccer ball,384,149,428,185
1530139553.png,640,360,robot,253,40,433,310
1522981437.png,640,360,tissue box,221,167,401,311
1522979384.png,640,360,coffee machine,248,119,392,279
1522977713.png,640,360,coffee machine,284,111,428,271
1522973639.png,640,360,Christmas toy,214,69,342,285
1522982797.png,640,360,potted plant,180,156,354,350
1532747982.png,640,360,fire alarm,222,164,408,284
1532745165.png,640,360,fire alarm,231,141,310,211
1530137251.png,640,360,soccer ball,221,132,401,312
1530142590.png,640,360,uav,131,70,419,286
1530143994.png,640,360,uav,116,83,500,307
1532920166.png,640,360,tennis racket,179,136,313,186
1530139735.png,640,360,robot,249,36,429,252
1522977566.png,640,360,coffee machine,175,63,295,263
1522981291.png,640,360,tissue box,240,197,348,293
1530138309.png,640,360,soccer ball,416,165,470,213
1522975167.png,640,360,Christmas toy,273,151,369,259
1530143390.png,640,360,uav,330,71,554,251
1532748552.png,640,360,fire alarm,288,124,358,188
1522981430.png,640,360,tissue box,245,134,425,278
1522979162.png,640,360,coffee machine,253,142,333,250
1530143383.png,640,360,uav,338,110,562,290
1522982148.png,640,360,potted plant,235,182,317,280
1522981043.png,640,360,tissue box,266,155,356,263
1532919776.png,640,360,tennis racket,305,184,439,248
1532749287.png,640,360,fire alarm,376,118,476,184
1530141985.png,640,360,uav,207,62,495,278
1532749961.png,640,360,fire alarm,430,282,495,330
1522982298.png,640,360,potted plant,289,240,410,350
1532749962.png,640,360,fire alarm,388,251,461,309
1530141984.png,640,360,uav,207,66,495,282
1530144859.png,640,360,turtle bot,226,132,346,292
1532746011.png,640,360,fire alarm,263,125,375,205
1530137918.png,640,360,soccer ball,242,167,302,221
1522981371.png,640,360,tissue box,241,172,385,292
1532919540.png,640,360,tennis racket,341,133,411,273
1522981498.png,640,360,tissue box,234,147,342,281
1532746710.png,640,360,fire alarm,326,148,424,268
1522979179.png,640,360,coffee machine,293,148,373,256
1522981611.png,640,360,tissue box,225,238,369,338
1522979395.png,640,360,coffee machine,208,106,352,266
1522974942.png,640,360,Christmas toy,336,153,470,297
1522979653.png,640,360,coffee machine,173,87,307,279
1532745526.png,640,360,fire alarm,224,80,426,206
1522979561.png,640,360,coffee machine,214,113,322,237
1532749997.png,640,360,fire alarm,259,277,349,337
1530142023.png,640,360,uav,172,86,472,266
1522974351.png,640,360,Christmas toy,265,126,409,276
1532919692.png,640,360,tennis racket,363,148,437,292
1522981526.png,640,360,tissue box,239,150,419,274
1530137593.png,640,360,soccer ball,301,76,421,184
1530138979.png,640,360,robot,244,156,334,290
1522981464.png,640,360,tissue box,239,160,363,288
1530138953.png,640,360,robot,287,129,407,309
1532748151.png,640,360,fire alarm,239,116,291,166
1522977433.png,640,360,coffee machine,254,204,334,300
1530138906.png,640,360,robot,187,159,295,303
1532920510.png,640,360,tennis racket,117,109,217,179
1522973788.png,640,360,Christmas toy,304,142,376,214
1522981039.png,640,360,tissue box,209,152,299,260
1530138870.png,640,360,robot,190,121,290,301
1522977665.png,640,360,coffee machine,217,80,361,240
1532749253.png,640,360,fire alarm,150,30,360,202
1532919535.png,640,360,tennis racket,300,115,380,265
1530143943.png,640,360,uav,176,58,496,238
1532749150.png,640,360,fire alarm,282,225,362,265
1530137925.png,640,360,soccer ball,222,209,282,263
1532745176.png,640,360,fire alarm,119,86,218,154
1532920121.png,640,360,tennis racket,246,111,346,219
1530145099.png,640,360,turtle bot,183,57,383,297
1532920457.png,640,360,tennis racket,349,186,469,266
1530139815.png,640,360,robot,259,111,387,303
1530139548.png,640,360,robot,192,58,372,328
1532750006.png,640,360,fire alarm,295,260,355,320
1532920479.png,640,360,tennis racket,279,122,399,202
1522979475.png,640,360,coffee machine,192,120,300,240
1532920504.png,640,360,tennis racket,293,226,403,296
1522981679.png,640,360,tissue box,206,189,350,289
1522977429.png,640,360,coffee machine,241,227,321,323
1530138155.png,640,360,soccer ball,273,199,369,295
1522981388.png,640,360,tissue box,257,161,437,295
1522975187.png,640,360,Christmas toy,242,184,376,304
1532748514.png,640,360,fire alarm,259,73,393,163
1532920472.png,640,360,tennis racket,314,87,434,167
1530145122.png,640,360,turtle bot,300,63,408,255
1532746679.png,640,360,fire alarm,380,105,530,225
1530137954.png,640,360,soccer ball,271,175,343,249
1532746030.png,640,360,fire alarm,286,187,410,267
1530144953.png,640,360,turtle bot,257,42,457,282
1522980996.png,640,360,tissue box,206,169,296,277
1532919529.png,640,360,tennis racket,439,134,519,294
1522974358.png,640,360,Christmas toy,244,197,388,347
1522979485.png,640,360,coffee machine,326,119,434,239
1530143918.png,640,360,uav,191,69,479,261
1522977634.png,640,360,coffee machine,229,74,373,234
1522979390.png,640,360,coffee machine,240,128,384,288
1532919778.png,640,360,tennis racket,355,152,489,216
1530143949.png,640,360,uav,176,68,496,248
1530139419.png,640,360,robot,192,103,408,327
1522975019.png,640,360,Christmas toy,285,142,419,286
1532746693.png,640,360,fire alarm,109,113,309,253
1522974848.png,640,360,Christmas toy,230,152,350,272
1530141990.png,640,360,uav,227,85,515,301
1522960495.png,640,360,Christmas toy,293,140,393,284
1532919755.png,640,360,tennis racket,249,221,383,285
1522977749.png,640,360,coffee machine,184,105,328,265
1532748086.png,640,360,fire alarm,381,94,495,168
1532745628.png,640,360,fire alarm,290,87,480,207
1522975129.png,640,360,Christmas toy,181,163,277,297
1530144880.png,640,360,turtle bot,319,106,439,266
1522974813.png,640,360,Christmas toy,177,143,257,263
1522975257.png,640,360,Christmas toy,290,144,398,264
1530142052.png,640,360,uav,266,100,426,340
1530144591.png,640,360,turtle bot,300,90,420,270
1522975000.png,640,360,Christmas toy,129,191,263,335
1530143991.png,640,360,uav,121,109,505,333
1522973770.png,640,360,Christmas toy,267,137,339,209
1532748580.png,640,360,fire alarm,269,191,325,247
1532745162.png,640,360,fire alarm,185,130,267,185
1522979387.png,640,360,coffee machine,268,88,412,248
1522977398.png,640,360,coffee machine,223,205,303,301
1530140095.png,640,360,robot,182,83,342,299
1532919932.png,640,360,tennis racket,200,120,440,234
1522960524.png,640,360,Christmas toy,261,138,361,282
1522981936.png,640,360,potted plant,262,167,371,260
1522982194.png,640,360,potted plant,158,214,284,348
1530144469.png,640,360,turtle bot,335,43,479,243
1532746012.png,640,360,fire alarm,266,130,386,200
1532746061.png,640,360,fire alarm,299,168,413,238
1530143404.png,640,360,uav,290,79,530,295
1522982765.png,640,360,potted plant,331,154,441,290
1522975137.png,640,360,Christmas toy,233,155,329,289
1530143951.png,640,360,uav,183,73,503,253
1522975004.png,640,360,Christmas toy,216,144,350,288
1530142027.png,640,360,uav,179,107,479,287
1530137817.png,640,360,soccer ball,338,202,398,262
1522977417.png,640,360,coffee machine,300,213,380,309
1532920483.png,640,360,tennis racket,334,93,434,173
1522979672.png,640,360,coffee machine,200,70,334,262
1522960479.png,640,360,Christmas toy,286,181,406,301
1530137404.png,640,360,soccer ball,303,130,411,250
1522973636.png,640,360,Christmas toy,188,37,316,253
1532920164.png,640,360,tennis racket,260,174,394,224
1530137764.png,640,360,soccer ball,270,112,350,192
1530139463.png,640,360,robot,276,74,456,314
1530137426.png,640,360,soccer ball,261,163,369,283
1522981898.png,640,360,potted plant,203,173,339,284
1530142389.png,640,360,uav,81,78,441,258
1532919508.png,640,360,tennis racket,443,84,513,244
1530144858.png,640,360,turtle bot,217,128,337,288
1522982844.png,640,360,potted plant,176,157,318,340
1530143983.png,640,360,uav,111,73,471,201
1530139498.png,640,360,robot,322,114,502,294
1530137934.png,640,360,soccer ball,274,167,334,221
1522977562.png,640,360,coffee machine,260,70,380,270
1522973757.png,640,360,Christmas toy,298,138,378,238
1530142164.png,640,360,uav,302,98,518,298
1530144471.png,640,360,turtle bot,316,45,460,245
1530144318.png,640,360,turtle bot,209,43,329,259
1530140328.png,640,360,robot,238,67,438,291
1522982792.png,640,360,potted plant,230,138,360,284
1532920080.png,640,360,tennis racket,224,102,404,192
1522981374.png,640,360,tissue box,266,215,410,335
1532746731.png,640,360,fire alarm,398,91,578,211
1522975142.png,640,360,Christmas toy,220,192,316,326
1522981583.png,640,360,tissue box,315,215,449,343
1532750005.png,640,360,fire alarm,356,262,416,322
1522981632.png,640,360,tissue box,267,240,411,340
1530143728.png,640,360,uav,170,86,410,230
1522977649.png,640,360,coffee machine,270,100,414,260
1530144466.png,640,360,turtle bot,307,84,451,284
1522973588.png,640,360,Christmas toy,266,96,346,216
1530137310.png,640,360,soccer ball,233,143,413,303
1530141909.png,640,360,uav,108,66,468,246
1522982266.png,640,360,potted plant,278,248,350,347
1522979487.png,640,360,coffee machine,282,121,390,241
1522981557.png,640,360,tissue box,252,186,360,306
1530138174.png,640,360,soccer ball,311,187,407,283
1532750147.png,640,360,fire alarm,325,173,405,227
1522977613.png,640,360,coffee machine,279,87,423,247
1522981647.png,640,360,tissue box,224,228,368,328
1530138233.png,640,360,soccer ball,367,165,411,201
1530140071.png,640,360,robot,159,52,399,322
1532919926.png,640,360,tennis racket,160,101,400,235
1530138328.png,640,360,soccer ball,434,200,488,248
1522975012.png,640,360,Christmas toy,248,166,382,310
1522982626.png,640,360,potted plant,191,227,315,351
1532750220.png,640,360,fire alarm,309,269,409,335
1522974872.png,640,360,Christmas toy,324,142,384,232
1532750004.png,640,360,fire alarm,386,276,446,336
1522973740.png,640,360,Christmas toy,290,107,350,179
1532748051.png,640,360,fire alarm,288,218,378,272
1532750119.png,640,360,fire alarm,299,156,419,220
1532920441.png,640,360,tennis racket,303,167,413,231
1522981040.png,640,360,tissue box,223,158,313,266
1532919456.png,640,360,tennis racket,275,170,319,304
1522974851.png,640,360,Christmas toy,283,144,403,264
1530145128.png,640,360,turtle bot,294,63,402,255
1532749297.png,640,360,fire alarm,481,82,561,138
1522960515.png,640,360,Christmas toy,256,147,356,291
1532748163.png,640,360,fire alarm,383,187,465,257
1522979606.png,640,360,coffee machine,249,88,383,280
1522982863.png,640,360,potted plant,248,177,319,297
1522977552.png,640,360,coffee machine,226,55,346,255
1532749999.png,640,360,fire alarm,309,282,379,332
1522979547.png,640,360,coffee machine,268,103,376,227
1532750061.png,640,360,fire alarm,314,245,392,291
1532750163.png,640,360,fire alarm,258,173,388,267
1522975276.png,640,360,Christmas toy,221,141,329,261
1530143729.png,640,360,uav,159,108,399,252
1532919525.png,640,360,tennis racket,247,104,307,254
1522973677.png,640,360,Christmas toy,219,90,319,240
1530139805.png,640,360,robot,299,118,423,310
1522981004.png,640,360,tissue box,228,156,318,264
1530137582.png,640,360,soccer ball,321,133,441,241
1530142221.png,640,360,uav,165,80,565,272
1522975122.png,640,360,Christmas toy,266,161,362,295
1522982813.png,640,360,potted plant,186,166,330,338
1532749971.png,640,360,fire alarm,290,274,360,322
1522975123.png,640,360,Christmas toy,223,157,319,291
1522975199.png,640,360,Christmas toy,218,152,352,272
1530137254.png,640,360,soccer ball,283,152,463,332
1530137797.png,640,360,soccer ball,287,156,347,206
1532919689.png,640,360,tennis racket,379,153,443,277
1532745610.png,640,360,fire alarm,244,102,424,222
1522982142.png,640,360,potted plant,230,189,338,297
1532745476.png,640,360,fire alarm,256,69,468,205
1522979594.png,640,360,coffee machine,211,94,345,286
1522960508.png,640,360,Christmas toy,273,142,373,286
1522977617.png,640,360,coffee machine,301,109,445,269
1530145130.png,640,360,turtle bot,286,60,394,252
1522975023.png,640,360,Christmas toy,256,198,390,342
1532920500.png,640,360,tennis racket,408,115,508,175
1522979553.png,640,360,coffee machine,292,106,400,230
1530144578.png,640,360,turtle bot,314,86,434,266
1530138298.png,640,360,soccer ball,380,136,434,184
1522974909.png,640,360,Christmas toy,283,180,373,270
1530145137.png,640,360,turtle bot,232,85,340,277
1522977420.png,640,360,coffee machine,266,213,346,309
1532920075.png,640,360,tennis racket,210,110,390,200
1532749296.png,640,360,fire alarm,347,142,447,218
1532920092.png,640,360,tennis racket,83,167,263,227
1530137475.png,640,360,soccer ball,223,145,331,269
1530145125.png,640,360,turtle bot,273,82,381,274
1522973748.png,640,360,Christmas toy,271,106,331,178
1532749951.png,640,360,fire alarm,314,256,386,304
1530145087.png,640,360,turtle bot,203,32,403,320
1532920258.png,640,360,tennis racket,268,62,358,242
1522974970.png,640,360,Christmas toy,314,158,442,292
1530143405.png,640,360,uav,290,74,530,290
1530140320.png,640,360,robot,237,78,437,302
1530137282.png,640,360,soccer ball,223,139,373,259
1522973726.png,640,360,Christmas toy,308,122,368,194
1532748165.png,640,360,fire alarm,111,159,233,239
1522982208.png,640,360,potted plant,263,184,367,291
1522980990.png,640,360,tissue box,257,153,347,261
1530139069.png,640,360,robot,279,115,369,259
1532919788.png,640,360,tennis racket,342,186,486,250
1522977765.png,640,360,coffee machine,228,94,372,254
1532746676.png,640,360,fire alarm,359,181,529,311
1530137761.png,640,360,soccer ball,263,91,343,171
1522977441.png,640,360,coffee machine,275,183,355,279
1522974963.png,640,360,Christmas toy,177,151,305,285
1530144429.png,640,360,turtle bot,143,35,323,285
1530144415.png,640,360,turtle bot,204,42,384,292
1530139384.png,640,360,robot,277,174,397,302
1530145031.png,640,360,turtle bot,326,70,486,270
1532746042.png,640,360,fire alarm,249,130,393,230
1522981446.png,640,360,tissue box,203,160,383,304
1522974755.png,640,360,Christmas toy,272,169,380,303
1530139381.png,640,360,robot,220,162,340,290
1522973642.png,640,360,Christmas toy,190,61,318,277
1522979142.png,640,360,coffee machine,297,145,377,253
1522973684.png,640,360,Christmas toy,234,71,334,221
1522977544.png,640,360,coffee machine,375,100,495,300
1522981625.png,640,360,tissue box,245,273,389,359
1530139390.png,640,360,robot,295,164,415,292
1532750113.png,640,360,fire alarm,327,170,417,224
1530137935.png,641,361,soccer ball,260,178,320,232
1522973732.png,640,360,Christmas toy,237,129,297,201
1530142243.png,640,360,uav,247,137,439,265
1530139804.png,640,360,robot,271,120,395,312
1532919517.png,640,360,tennis racket,367,136,427,286
1530137726.png,640,360,soccer ball,270,203,360,293
1532746074.png,640,360,fire alarm,353,183,497,276
1532920442.png,640,360,tennis racket,302,179,422,243
1532750019.png,640,360,fire alarm,353,274,443,334
1522975220.png,640,360,Christmas toy,268,170,358,298
1530142045.png,640,360,uav,289,56,449,296
1522982184.png,640,360,potted plant,224,243,368,359
1530144330.png,640,360,turtle bot,320,97,440,313
1522979595.png,640,360,coffee machine,237,106,371,298
1522981050.png,640,360,tissue box,281,177,371,285
1532920144.png,640,360,tennis racket,276,48,366,156
1530144873.png,640,360,turtle bot,254,98,374,258
1530137382.png,640,360,soccer ball,270,99,470,315
1522982151.png,640,360,potted plant,171,194,279,302
1532746714.png,640,360,fire alarm,345,106,525,216
1532747971.png,640,360,fire alarm,192,105,378,225
1522979557.png,640,360,coffee machine,261,139,369,263
1532745466.png,640,360,fire alarm,197,92,389,216
1532920098.png,640,360,tennis racket,231,183,411,253
1522981307.png,640,360,tissue box,368,221,476,317
1530139395.png,640,360,robot,224,168,344,296
1532920184.png,640,360,tennis racket,352,118,476,148
1530139706.png,640,360,robot,219,36,411,324
1522975181.png,640,360,Christmas toy,195,161,329,281
1530144482.png,640,360,turtle bot,347,47,491,247
1532746687.png,640,360,fire alarm,314,110,494,230
1532750024.png,640,360,fire alarm,507,275,587,335
1530140293.png,640,360,robot,290,159,390,293
1530142033.png,640,360,uav,139,100,439,280
1522979263.png,640,360,coffee machine,301,127,445,307
1522973649.png,640,360,Christmas toy,206,90,334,306
1530137592.png,640,360,soccer ball,290,88,410,196
1522973743.png,640,360,Christmas toy,305,120,365,192
1532746088.png,640,360,fire alarm,263,252,377,332
1530139738.png,640,360,robot,264,82,444,298
1522977636.png,640,360,coffee machine,230,125,374,285
1532920196.png,640,360,tennis racket,391,106,535,146
1530139473.png,640,360,robot,388,95,568,335
1532748166.png,640,360,fire alarm,175,148,287,238
1532749138.png,640,360,fire alarm,315,228,395,268
1530140157.png,640,360,robot,288,67,412,259
1530145067.png,640,360,turtle bot,284,38,484,326
1522979249.png,640,360,coffee machine,253,124,377,304
1530137429.png,640,360,soccer ball,354,142,462,262
1530137713.png,640,360,soccer ball,259,169,349,259
1530142091.png,640,360,uav,170,54,426,204
1522975120.png,640,360,Christmas toy,286,157,382,291
1532920448.png,640,360,tennis racket,367,139,507,203
1532919507.png,640,360,tennis racket,422,72,492,232
1522982237.png,640,360,potted plant,226,213,326,303
1532746033.png,640,360,fire alarm,322,154,446,234
1522981369.png,640,360,tissue box,233,180,377,300
1522960488.png,640,360,Christmas toy,264,158,354,282
1530138947.png,640,360,robot,281,157,401,337
1522981673.png,640,360,tissue box,219,228,363,328
1530144365.png,640,360,turtle bot,282,39,442,289
1522981880.png,640,360,potted plant,234,178,313,256
1530144528.png,640,360,turtle bot,310,57,400,237
1532746704.png,640,360,fire alarm,246,126,426,246
1522977526.png,640,360,coffee machine,248,142,344,266
1530137281.png,640,360,soccer ball,247,116,397,236
1532919744.png,640,360,tennis racket,326,194,460,258
1532919491.png,640,360,tennis racket,234,140,294,290
1522960516.png,640,360,Christmas toy,266,141,366,285
1532748464.png,640,360,fire alarm,115,84,355,228
1522975263.png,640,360,Christmas toy,249,166,357,286
1522982325.png,640,360,potted plant,179,232,312,352
1522974921.png,640,360,Christmas toy,287,143,377,233
1530139421.png,640,360,robot,193,85,409,309
1522973584.png,640,360,Christmas toy,199,89,279,209
1522977446.png,640,360,coffee machine,259,211,339,307
1530140099.png,640,360,robot,203,95,363,311
1530144483.png,640,360,turtle bot,348,60,492,260
1522982203.png,640,360,potted plant,203,209,337,343
1530142372.png,640,360,uav,142,90,358,306
1532745150.png,640,360,fire alarm,221,71,296,124
1522979495.png,640,360,coffee machine,236,127,344,247
1522977732.png,640,360,coffee machine,289,108,433,268
1530141932.png,640,360,uav,155,141,515,321
1522977528.png,640,360,coffee machine,265,130,361,254
1530144861.png,640,360,turtle bot,217,121,337,281
1530141989.png,640,360,uav,238,74,526,290
1532749234.png,640,360,fire alarm,303,178,393,250
1530142267.png,640,360,uav,262,114,478,294
1522981030.png,640,360,tissue box,283,142,373,250
1530143392.png,640,360,uav,339,62,563,242
1530144954.png,640,360,turtle bot,253,52,453,292
1522982669.png,640,360,potted plant,329,200,449,325
1532919501.png,640,360,tennis racket,257,101,317,221
1522981368.png,640,360,tissue box,231,172,375,292
1522975103.png,640,360,Christmas toy,163,142,271,292
1532746750.png,640,360,fire alarm,295,187,475,307
1522981593.png,640,360,tissue box,179,210,313,338
1522974343.png,640,360,Christmas toy,240,200,384,350
1522980995.png,640,360,tissue box,209,164,299,272
1530143908.png,640,360,uav,184,104,472,296
1530137365.png,640,360,soccer ball,206,70,406,286
1522981631.png,640,360,tissue box,262,262,406,359
1522979293.png,640,360,coffee machine,239,127,363,307
1522977531.png,640,360,coffee machine,372,127,468,251
1530138375.png,640,360,soccer ball,289,170,397,290
1522975003.png,640,360,Christmas toy,182,178,316,322
1530137623.png,640,360,soccer ball,269,179,397,299
1532748626.png,640,360,fire alarm,363,130,417,204
1522979524.png,640,360,coffee machine,232,88,340,208
1522960525.png,640,360,Christmas toy,286,136,386,280
1532745488.png,640,360,fire alarm,196,121,388,215
1522979386.png,640,360,coffee machine,284,118,428,278
1530144479.png,640,360,turtle bot,331,54,475,254
1522979310.png,640,360,coffee machine,213,135,337,315
1530142391.png,640,360,uav,80,72,440,252
1530142043.png,640,360,uav,259,52,419,292
1522975209.png,640,360,Christmas toy,277,139,411,259
1522981276.png,640,360,tissue box,284,223,392,319
1530139545.png,640,360,robot,183,59,363,329
1532745616.png,640,360,fire alarm,323,152,477,252
1522975175.png,640,360,Christmas toy,226,154,360,274
1522981408.png,640,360,tissue box,190,177,370,311
1522982305.png,640,360,potted plant,159,279,309,359
1522981514.png,640,360,tissue box,244,196,424,320
1522977461.png,640,360,coffee machine,240,225,320,321
1530140294.png,640,360,robot,286,167,386,301
1530140092.png,640,360,robot,205,81,365,297
1522981621.png,640,360,tissue box,231,249,375,349
1522975179.png,640,360,Christmas toy,216,155,350,275
1522973755.png,640,360,Christmas toy,284,126,364,226
1522982767.png,640,360,potted plant,229,152,325,272
1530137285.png,640,360,soccer ball,229,136,379,256
1522973571.png,640,360,Christmas toy,223,88,303,208
1530137879.png,640,360,soccer ball,239,161,319,233
1522979664.png,640,360,coffee machine,225,79,359,271
1530140295.png,640,360,robot,293,166,393,300
1532920262.png,640,360,tennis racket,347,75,417,215
1522982234.png,640,360,potted plant,271,201,371,319
1530142057.png,640,360,uav,268,68,428,308
1522979679.png,640,360,coffee machine,268,97,402,289
1532748469.png,640,360,fire alarm,264,96,504,240
1530138311.png,640,360,soccer ball,409,184,463,232
1532919937.png,640,360,tennis racket,216,147,426,251
1530139519.png,640,360,robot,261,83,421,263
1530144431.png,640,360,turtle bot,151,40,331,290
1532749274.png,640,360,fire alarm,341,94,501,180
1532919693.png,640,360,tennis racket,426,164,476,288
1530137280.png,640,360,soccer ball,236,123,386,243
1530144999.png,640,360,turtle bot,175,31,399,331
1530144547.png,640,360,turtle bot,279,85,369,265
1530138287.png,640,360,soccer ball,283,194,337,242
1530144432.png,640,360,turtle bot,160,38,340,288
1530145097.png,640,360,turtle bot,234,46,434,286
1522982762.png,640,360,potted plant,274,143,381,261
1522981491.png,640,360,tissue box,226,155,334,289
1522982147.png,640,360,potted plant,184,200,292,308
1522982157.png,640,360,potted plant,251,189,369,309
1532919468.png,640,360,tennis racket,272,194,316,328
1522979625.png,640,360,coffee machine,194,149,328,341
1522981431.png,640,360,tissue box,225,186,405,330
1532745182.png,640,360,fire alarm,187,81,297,157
1522960502.png,640,360,Christmas toy,239,149,339,293
1532745492.png,640,360,fire alarm,190,133,382,257
1530144421.png,640,360,turtle bot,125,53,305,303
1530144428.png,640,360,turtle bot,143,31,323,281
1532919685.png,640,360,tennis racket,362,131,426,275
1522974355.png,640,360,Christmas toy,426,166,570,316
1530141935.png,640,360,uav,154,142,514,322
1522977401.png,640,360,coffee machine,276,195,356,291
1530137631.png,640,360,soccer ball,323,179,451,299
1530138936.png,640,360,robot,191,126,311,306
1522979685.png,640,360,coffee machine,221,54,355,246
1530143531.png,640,360,uav,259,102,501,294
1532746084.png,640,360,fire alarm,258,142,374,231
1522979637.png,640,360,coffee machine,163,100,297,292
1530144395.png,640,360,turtle bot,194,64,338,314
1530138167.png,640,360,soccer ball,294,192,390,288
1532920488.png,640,360,tennis racket,394,103,494,183
1530139025.png,640,360,robot,273,156,393,336
1530144430.png,640,360,turtle bot,149,41,329,291
1522982667.png,640,360,potted plant,283,205,383,313
1522982818.png,640,360,potted plant,276,128,420,304
1532920079.png,640,360,tennis racket,221,96,401,186
1530142608.png,640,360,uav,106,113,480,273
1530141963.png,640,360,uav,304,62,464,254
1530142140.png,640,360,uav,193,51,417,275
1522981332.png,640,360,tissue box,220,225,328,321
1532746683.png,640,360,fire alarm,324,144,504,264
1530137596.png,640,360,soccer ball,385,129,505,237
1522982659.png,640,360,potted plant,249,215,349,313
1530144911.png,640,360,turtle bot,266,70,366,286
1532746712.png,640,360,fire alarm,339,111,451,231
1522977453.png,640,360,coffee machine,290,205,370,301
1530143510.png,640,360,uav,195,118,387,242
